plotID;sampleID;sample_type;u_depth;l_depth;increment_depth
UPL9;UPL9CompL;OS_L;-5;-3;-2
KBPL3;KBPL3CompL;OS_L;-4;-3;-1
KBPL11;KBPL11L;OS_L;-7;-5;-2
KBPL12;KBPL12L;OS_L;-8;-6;-2
KBPL13;KBPL13L;OS_L;-6;-4;-2
KBPL14;KBPL14L;OS_L;-7;-5;-2
KBPL15;KBPL15L;OS_L;-7;-6;-1
KBPL4;KBPL4L;OS_L;-4;-3;-1
KBPL5;KBPL5CL;OS_L;-3;-2;-1
KBPL1;KBPL1PL;OS_L;-6;-5;-1
KBPL10;KBPL10L;OS_L;-8;-6;-2
KBPL8;KBPL8CL;OS_L;-7;-6;-1
KBPL9;KBPL9CL;OS_L;-2;-1;-1
KBPL1;KBPL1.1L_Pu;OS_L;-6;-5;-1
KBPL1;KBPL1.2L_Pu;OS_L;-6;-5;-1
KBPL1;KBPL1.3L_Pu;OS_L;-6;-5;-1
KBPL1;KBPL1.4L_Pu;OS_L;-6;-5;-1
KBPL10;KBPL10Comp_L_Pu;OS_L;-8;-6;-2
KBPL11;KBPL11Comp_L_Pu;OS_L;-7;-5;-2
KBPL12;KBPL12Comp_L_Pu;OS_L;-8;-6;-2
KBPL5;KBPL5Comp_L_Pu;OS_L;-3;-2;-1
KBPL6;KBPL6Comp_L_Pu;OS_L;-4;-3;-1
KBPL7;KBPL7Comp_L_Pu;OS_L;-9;-8;-1
KBPL8;KBPL8Comp_L_Pu;OS_L;-7;-6;-1
KBPL9;KBPL9Comp_L_Pu;OS_L;-2;-1;-1
KBPL16;KBPL16L;OS_L;-7;-6;-1
NPL9;NPL9CompL;OS_L;-11;-8;-3
NPL1;NPL1.3L_Pu;OS_L;-9;-7;-2
NPL1;NPL1.4L_Pu;OS_L;-9;-7;-2
KBPL1;KBPL1L;OS_L;-6;-5;-1
KBPL10;KBPL10PL;OS_L;-8;-6;-2
KBPL6;KBPL6L;OS_L;-4;-3;-1
KBPL2;KBPL2.5L_Pu;OS_L;-3;-2;-1
KBPL2;KBPL2.6L_Pu;OS_L;-3;-2;-1
NPL1;NPL1.1L_Pu;OS_L;-9;-7;-2
NPL10;NPL10Comp_L_Pu;OS_L;-9;-6;-3
NPL11;NPL11CompL;OS_L;-8;-5;-2
KBPL8;KBPL8PL;OS_L;-7;-6;-1
KBPL2;KBPL2.7L_Pu;OS_L;-3;-2;-1
KBPL3;KBPL3.10L_Pu;OS_L;-4;-3;-1
KBPL3;KBPL3.8L_Pu;OS_L;-4;-3;-1
NPL1;NPL1.2L_Pu;OS_L;-9;-7;-2
NPL11;NPL11PL;OS_L;-8;-5;-2
NPL12;NPL12Comp_L_Pu;OS_L;-8;-6;-2
NPL1;NPL1PL;OS_L;-9;-7;-2
NPL2;NPL2.5L_Pu;OS_L;-14;-11;-3
NPL2;NPL2.7L_Pu;OS_L;-14;-11;-3
NPL12;NPL12CompL;OS_L;-8;-6;-2
NPL1;NPL1CompL;OS_L;-9;-7;-2
NPL2;NPL2CompL;OS_L;-14;-11;-3
NPL3;NPL3.10L_Pu;OS_L;-10;-8;-2
NPL3;NPL3.8L_Pu;OS_L;-10;-8;-2
NPL2;NPL2.6L_Pu;OS_L;-14;-11;-3
NPL10;NPL10CompL;OS_L;-9;-6;-3
NPL11;NPL11L_Pu;OS_L;-8;-5;-2
NPL3;NPL3.9L_Pu;OS_L;-10;-8;-2
NPL3;NPL3CompL;OS_L;-10;-8;-2
NPL4;NPL4Comp_L_Pu;OS_L;-12;-9;-3
NPL4;NPL4PL;OS_L;-12;-9;-3
NPL5;NPL5Comp_L_Pu;OS_L;-15;-12;-3
NPL5;NPL5CompL;OS_L;-15;-12;-3
NPL6;NPL6Comp_L_Pu;OS_L;-10;-8;-2
NPL6;NPL6CompL;OS_L;-10;-8;-2
NPL7;NPL7Comp_L_Pu;OS_L;-10;-8;-2
NPL7;NPL7CompL;OS_L;-10;-8;-2
NPL7;NPL7PL;OS_L;-10;-8;-2
NPL8;NPL8Comp_L_Pu;OS_L;-9;-7;-2
NPL8;NPL8CompL;OS_L;-9;-7;-2
NPL9;NPL9Comp_L_Pu;OS_L;-11;-8;-3
KBPL2;KBPL2CompL;OS_L;-3;-2;-1
KBPL4;KBPL4PL;OS_L;-4;-3;-1
KBPL3;KBPL3.9L_Pu;OS_L;-4;-3;-1
KBPL7;KBPL7L;OS_L;-9;-8;-1
KBPL4;KBPL4Comp_L_Pu;OS_L;-4;-3;-1
UPL2;UPL2.7L_Pu;OS_L;-5;-3;-2
UPL3;UPL3.9L_Pu;OS_L;-5;-3;-2
UPL4;UPL4Comp_L_Pu;OS_L;-5;-3;-2
UPL11;UPL11CompL;OS_L;-5;-3;-2
UPL12;UPL12CompL;OS_L;-5;-3;-2
UPL13;UPL13L;OS_L;;;
UPL1;UPL1.1L_Pu;OS_L;-5;-3;-2
UPL1;UPL1.2L_Pu;OS_L;-5;-3;-2
UPL1;UPL1.3L_Pu;OS_L;-5;-3;-2
UPL1;UPL1.4L_Pu;OS_L;-5;-3;-2
UPL10;UPL10CompL;OS_L;-5;-3;-2
UPL11;UPL11PL;OS_L;-5;-3;-2
UPL12;UPL12Comp_L_Pu;OS_L;-5;-3;-2
UPL11;UPL11Comp_L_Pu;OS_L;-5;-3;-2
UPL10;UPL10Comp_L_Pu;OS_L;-5;-3;-2
UPL1;UPL1CompL;OS_L;-5;-3;-2
UPL2;UPL2.5L_Pu;OS_L;-5;-3;-2
UPL2;UPL2.6L_Pu;OS_L;-5;-3;-2
UPL2;UPL2CompL;OS_L;-5;-3;-2
UPL3;UPL3.10L_Pu;OS_L;-5;-3;-2
UPL3;UPL3.8L_Pu;OS_L;-5;-3;-2
UPL3;UPL3CompL;OS_L;-5;-3;-2
UPL4;UPL4CompL;OS_L;-5;-3;-2
UPL5;UPL5Comp_L_Pu;OS_L;-5;-3;-2
UPL5;UPL5CompL;OS_L;-5;-3;-2
UPL6;UPL6Comp_L_Pu;OS_L;-5;-3;-2
UPL6;UPL6CompL;OS_L;-5;-3;-2
UPL7;UPL7Comp_L_Pu;OS_L;-5;-3;-2
UPL7;UPL7CompL;OS_L;-5;-3;-2
UPL7;UPL7PL;OS_L;-5;-3;-2
UPL8;UPL8Comp_L_Pu;OS_L;-5;-3;-2
UPL8;UPL8CompL;OS_L;-5;-3;-2
UPL9;UPL9Comp_L_Pu;OS_L;-5;-3;-2
UPL9;UPL9C6;MS;50;60;10
UPL9;UPL9C7;MS;60;70;10
UPL9;UPL9C8;MS;70;80;10
UPL9;UPL9C9;MS;80;90;10
UPL9;UPL9Comp_M_Pu;MS;0;60;60
DCD1;DCD1M1Pu;MS;0;60;60
DCD1;DCD1M2Pu;MS;60;100;40
DCD10;DCD10M1Pu;MS;0;60;60
DCD10;DCD10M2Pu;MS;60;100;40
DCD11;DCD11M1Pu;MS;0;60;60
DCD11;DCD11M2Pu;MS;60;100;40
DCD12;DCD12M1Pu;MS;0;60;60
DCD12;DCD12M2Pu;MS;60;100;40
DCD2;DCD2M1Pu;MS;0;60;60
DCD2;DCD2M2Pu;MS;60;100;40
DCD3;DCD3M1Pu;MS;0;60;60
DCD3;DCD3M2Pu;MS;60;100;40
DCD4;DCD4M1Pu;MS;0;60;60
DCD4;DCD4M2Pu;MS;60;100;40
DCD5;DCD5M1Pu;MS;0;60;60
DCD5;DCD5M2Pu;MS;60;100;40
DCD6;DCD6M1Pu;MS;0;60;60
DCD6;DCD6M2Pu;MS;60;100;40
DCD7;DCD7M1Pu;MS;0;60;60
DCD7;DCD7M2Pu;MS;60;100;40
DCD8;DCD8M1Pu;MS;0;60;60
DCD8;DCD8M2Pu;MS;60;100;40
DCD9;DCD9M1Pu;MS;0;60;60
DCD9;DCD9M2Pu;MS;60;100;40
DCP1;DCP1M1Pu;MS;0;20;20
DCP1;DCP1M2Pu;MS;20;40;20
DCP1;DCP1M3Pu;MS;40;60;20
DCP10;DCP10M1Pu;MS;0;20;20
DCP10;DCP10M2Pu;MS;20;40;20
DCP10;DCP10M3Pu;MS;40;60;20
DCP11;DCP11M1Pu;MS;0;20;20
DCP11;DCP11M2Pu;MS;20;40;20
DCP11;DCP11M3Pu;MS;40;60;20
DCP12;DCP12M1Pu;MS;0;20;20
DCP12;DCP12M2Pu;MS;20;40;20
DCP12;DCP12M3Pu;MS;40;60;20
DCP2;DCP2M1Pu;MS;0;20;20
DCP2;DCP2M2Pu;MS;20;40;20
DCP2;DCP2M3Pu;MS;40;60;20
DCP3;DCP3M1Pu;MS;0;20;20
DCP3;DCP3M2Pu;MS;20;40;20
DCP3;DCP3M3Pu;MS;40;60;20
DCP4;DCP4M1Pu;MS;0;20;20
DCP4;DCP4M2Pu;MS;20;40;20
DCP4;DCP4M3Pu;MS;40;60;20
DCP5;DCP5M1Pu;MS;0;20;20
DCP5;DCP5M2Pu;MS;20;40;20
DCP5;DCP5M3Pu;MS;40;60;20
DCP6;DCP6M1Pu;MS;0;20;20
DCP6;DCP6M2Pu;MS;20;40;20
DCP6;DCP6M3Pu;MS;40;60;20
DCP7;DCP7M1Pu;MS;0;20;20
DCP7;DCP7M2Pu;MS;20;40;20
DCP7;DCP7M3Pu;MS;40;60;20
DCP8;DCP8M1Pu;MS;0;20;20
DCP8;DCP8M2Pu;MS;20;40;20
DCP8;DCP8M3Pu;MS;40;60;20
DCP9;DCP9M1Pu;MS;0;20;20
DCP9;DCP9M2Pu;MS;20;40;20
DCP9;DCP9M3Pu;MS;40;60;20
DCS13;DCS13M_Pu;MS;0;60;60
DCS14;DCS14M_Pu;MS;0;60;60
DCS15;DCS15M_Pu;MS;0;60;60
DCS16;DCS16M_Pu;MS;0;60;60
DCS17;DCS17M_Pu;MS;0;60;60
DCS18;DCS18M_Pu;MS;0;60;60
DCS19;DCS19M_Pu;MS;0;60;60
DCS1;DCS1M_Pu;MS;0;60;60
DCS10;DCS10M_Pu;MS;0;60;60
DCS11;DCS11M_Pu;MS;0;60;60
DCS12;DCS12M_Pu;MS;0;60;60
DCS23;DCS23M_Pu;MS;0;60;60
DCS24;DCS24M_Pu;MS;0;60;60
DCS25;DCS25M_Pu;MS;0;60;60
DCS26;DCS26M_Pu;MS;0;60;60
DCS27;DCS27M_Pu;MS;0;60;60
DCS28;DCS28M_Pu;MS;0;60;60
DCS29;DCS29M_Pu;MS;0;60;60
DCS2;DCS2M_Pu;MS;0;60;60
DCS20;DCS20M_Pu;MS;0;60;60
DCS21;DCS21M_Pu;MS;0;60;60
DCS22;DCS22M_Pu;MS;0;60;60
DCS3;DCS3M_Pu;MS;0;60;60
DCS30;DCS30M_Pu;MS;0;60;60
DCS4;DCS4M_Pu;MS;0;60;60
DCS5;DCS5M_Pu;MS;0;60;60
DCS6;DCS6M_Pu;MS;0;60;60
DCS7;DCS7M_Pu;MS;0;60;60
DCS8;DCS8M_Pu;MS;0;60;60
DCS9;DCS9M_Pu;MS;0;60;60
DRCPL13;DRCPL13C2;MS;10;20;10
DRCPL13;DRCPL13C3;MS;20;30;10
DRCPL13;DRCPL13C4;MS;30;40;10
DRCPL13;DRCPL13C5;MS;40;50;10
DRCPL13;DRCPL13C6;MS;50;60;10
DRCPL13;DRCPL13C7;MS;60;70;10
DRCPL13;DRCPL13C8;MS;70;80;10
DRCPL13;DRCPL13C9;MS;80;90;10
DRCPL14;DRCPL14C10;MS;90;100;10
DRCPL14;DRCPL14C2;MS;10;20;10
DRCPL14;DRCPL14C3;MS;20;30;10
DRCPL14;DRCPL14C4;MS;30;40;10
DRCPL14;DRCPL14C5;MS;40;50;10
DRCPL14;DRCPL14C6;MS;50;60;10
DRCPL14;DRCPL14C7;MS;60;70;10
DRCPL14;DRCPL14C8;MS;70;80;10
DRCPL14;DRCPL14C9;MS;80;90;10
DRCPL15;DRCPL15C10;MS;90;100;10
DRCPL15;DRCPL15C2;MS;10;20;10
DRCPL15;DRCPL15C3;MS;20;30;10
DRCPL15;DRCPL15C4;MS;30;40;10
DRCPL15;DRCPL15C5;MS;40;50;10
DRCPL15;DRCPL15C6;MS;50;60;10
DRCPL15;DRCPL15C7;MS;60;70;10
DRCPL15;DRCPL15C8;MS;70;80;10
DRCPL15;DRCPL15C9;MS;80;90;10
DRCPL16;DRCPL16C1;MS;0;10;10
DRCPL16;DRCPL16C10;MS;90;100;10
DRCPL16;DRCPL16C2;MS;10;20;10
DRCPL16;DRCPL16C3;MS;20;30;10
DRCPL16;DRCPL16C4;MS;30;40;10
DRCPL16;DRCPL16C5;MS;40;50;10
DRCPL16;DRCPL16C6;MS;50;60;10
DRCPL16;DRCPL16C7;MS;60;70;10
DRCPL16;DRCPL16C8;MS;70;80;10
DRCPL16;DRCPL16C9;MS;80;90;10
DRCPL17;DRCPL17C1;MS;0;10;10
DRCPL17;DRCPL17C10;MS;90;100;10
DRCPL17;DRCPL17C2;MS;10;20;10
DRCPL17;DRCPL17C3;MS;20;30;10
DRCPL17;DRCPL17C4;MS;30;40;10
DRCPL17;DRCPL17C5;MS;40;50;10
DRCPL17;DRCPL17C6;MS;50;60;10
DRCPL17;DRCPL17C7;MS;60;70;10
DRCPL17;DRCPL17C8;MS;70;80;10
DRCPL17;DRCPL17C9;MS;80;90;10
DRCPL18;DRCPL18C1;MS;0;10;10
DRCPL18;DRCPL18C10;MS;90;100;10
DRCPL18;DRCPL18C2;MS;10;20;10
DRCPL18;DRCPL18C3;MS;20;30;10
DRCPL18;DRCPL18C4;MS;30;40;10
DRCPL18;DRCPL18C5;MS;40;50;10
DRCPL18;DRCPL18C6;MS;50;60;10
DRCPL18;DRCPL18C7;MS;60;70;10
DRCPL18;DRCPL18C8;MS;70;80;10
DRCPL18;DRCPL18C9;MS;80;90;10
DRCPL19;DRCPL19C1;MS;0;10;10
DRCPL19;DRCPL19C10;MS;90;100;10
DRCPL19;DRCPL19C2;MS;10;20;10
DRCPL19;DRCPL19C3;MS;20;30;10
DRCPL19;DRCPL19C4;MS;30;40;10
DRCPL19;DRCPL19C5;MS;40;50;10
DRCPL19;DRCPL19C6;MS;50;60;10
DRCPL19;DRCPL19C7;MS;60;70;10
DRCPL19;DRCPL19C8;MS;70;80;10
DRCPL19;DRCPL19C9;MS;80;90;10
DRCPL1;DRCPL1C1;MS;0;10;10
DRCPL1;DRCPL1C10;MS;90;100;10
DRCPL1;DRCPL1C2;MS;10;20;10
DRCPL1;DRCPL1C3;MS;20;30;10
DRCPL1;DRCPL1C4;MS;30;40;10
DRCPL1;DRCPL1C5;MS;40;50;10
DRCPL1;DRCPL1C6;MS;50;60;10
DRCPL1;DRCPL1C7;MS;60;70;10
DRCPL1;DRCPL1C8;MS;70;80;10
DRCPL1;DRCPL1C9;MS;80;90;10
DRCPL20;DRCPL20C1;MS;0;10;10
DRCPL10;DRCPL10C10;MS;90;100;10
DRCPL10;DRCPL10C2;MS;10;20;10
DRCPL10;DRCPL10C3;MS;20;30;10
DRCPL10;DRCPL10C4;MS;30;40;10
DRCPL10;DRCPL10C5;MS;40;50;10
DRCPL10;DRCPL10C6;MS;50;60;10
DRCPL10;DRCPL10C7;MS;60;70;10
DRCPL10;DRCPL10C8;MS;70;80;10
DRCPL10;DRCPL10C9;MS;80;90;10
DRCPL11;DRCPL11C1;MS;0;10;10
DRCPL21;DRCPL21C10;MS;90;100;10
DRCPL11;DRCPL11C10;MS;90;100;10
DRCPL11;DRCPL11C2;MS;10;20;10
DRCPL11;DRCPL11C3;MS;20;30;10
DRCPL11;DRCPL11C4;MS;30;40;10
DRCPL11;DRCPL11C5;MS;40;50;10
DRCPL11;DRCPL11C6;MS;50;60;10
DRCPL11;DRCPL11C7;MS;60;70;10
DRCPL11;DRCPL11C8;MS;70;80;10
DRCPL11;DRCPL11C9;MS;80;90;10
DRCPL12;DRCPL12C10;MS;90;100;10
DRCPL22;DRCPL22C10;MS;90;100;10
DRCPL12;DRCPL12C2;MS;10;20;10
DRCPL12;DRCPL12C3;MS;20;30;10
DRCPL12;DRCPL12C4;MS;30;40;10
DRCPL12;DRCPL12C6;MS;50;60;10
DRCPL12;DRCPL12C7;MS;60;70;10
DRCPL12;DRCPL12C8;MS;70;80;10
DRCPL12;DRCPL12C9;MS;80;90;10
DRCPL13;DRCPL13C1;MS;0;10;10
DRCPL13;DRCPL13C10;MS;90;100;10
DRCPL15;DRCPL15C1;MS;0;10;10
DRCPL23;DRCPL23C10;MS;90;100;10
DRCPL23;DRCPL23C2;MS;10;20;10
DRCPL23;DRCPL23C3;MS;20;30;10
DRCPL23;DRCPL23C4;MS;30;40;10
DRCPL23;DRCPL23C5;MS;40;50;10
DRCPL23;DRCPL23C6;MS;50;60;10
DRCPL23;DRCPL23C7;MS;60;70;10
DRCPL23;DRCPL23C8;MS;70;80;10
DRCPL23;DRCPL23C9;MS;80;90;10
DRCPL24;DRCPL24C10;MS;90;100;10
DRCPL24;DRCPL24C2;MS;10;20;10
DRCPL24;DRCPL24C3;MS;20;30;10
DRCPL24;DRCPL24C4;MS;30;40;10
DRCPL24;DRCPL24C5;MS;40;50;10
DRCPL24;DRCPL24C6;MS;50;60;10
DRCPL24;DRCPL24C7;MS;60;70;10
DRCPL24;DRCPL24C8;MS;70;80;10
DRCPL24;DRCPL24C9;MS;80;90;10
DRCPL25;DRCPL25C10;MS;90;100;10
DRCPL25;DRCPL25C2;MS;10;20;10
DRCPL25;DRCPL25C3;MS;20;30;10
DRCPL25;DRCPL25C4;MS;30;40;10
DRCPL25;DRCPL25C5;MS;40;50;10
DRCPL25;DRCPL25C6;MS;50;60;10
DRCPL25;DRCPL25C7;MS;60;70;10
DRCPL25;DRCPL25C8;MS;70;80;10
DRCPL25;DRCPL25C9;MS;80;90;10
DRCPL26;DRCPL26C1;MS;0;10;10
DRCPL26;DRCPL26C10;MS;90;100;10
DRCPL26;DRCPL26C2;MS;10;20;10
DRCPL26;DRCPL26C3;MS;20;30;10
DRCPL26;DRCPL26C4;MS;30;40;10
DRCPL26;DRCPL26C5;MS;40;50;10
DRCPL26;DRCPL26C6;MS;50;60;10
DRCPL26;DRCPL26C7;MS;60;70;10
DRCPL26;DRCPL26C8;MS;70;80;10
DRCPL26;DRCPL26C9;MS;80;90;10
DRCPL27;DRCPL27C1;MS;0;10;10
DRCPL27;DRCPL27C10;MS;90;100;10
DRCPL27;DRCPL27C2;MS;10;20;10
DRCPL27;DRCPL27C3;MS;20;30;10
DRCPL27;DRCPL27C4;MS;30;40;10
DRCPL27;DRCPL27C5;MS;40;50;10
DRCPL27;DRCPL27C6;MS;50;60;10
DRCPL27;DRCPL27C7;MS;60;70;10
DRCPL27;DRCPL27C8;MS;70;80;10
DRCPL27;DRCPL27C9;MS;80;90;10
DRCPL28;DRCPL28C1;MS;0;10;10
DRCPL28;DRCPL28C10;MS;90;100;10
DRCPL28;DRCPL28C2;MS;10;20;10
DRCPL28;DRCPL28C3;MS;20;30;10
DRCPL28;DRCPL28C4;MS;30;40;10
DRCPL28;DRCPL28C5;MS;40;50;10
DRCPL28;DRCPL28C6;MS;50;60;8
DRCPL28;DRCPL28C7;MS;60;70;10
DRCPL28;DRCPL28C8;MS;70;80;10
DRCPL28;DRCPL28C9;MS;80;90;10
DRCPL29;DRCPL29C1;MS;0;10;10
DRCPL29;DRCPL29C2;MS;10;20;10
DRCPL29;DRCPL29C3;MS;20;30;10
DRCPL29;DRCPL29C4;MS;30;40;10
DRCPL29;DRCPL29C5;MS;40;50;10
DRCPL29;DRCPL29C6;MS;50;60;10
DRCPL29;DRCPL29C7;MS;60;70;10
DRCPL29;DRCPL29C8;MS;70;80;10
DRCPL29;DRCPL29C9;MS;80;90;10
DRCPL2;DRCPL2C1;MS;0;10;10
DRCPL2;DRCPL2C10;MS;90;100;10
DRCPL2;DRCPL2C2;MS;10;20;10
DRCPL2;DRCPL2C3;MS;20;30;10
DRCPL2;DRCPL2C4;MS;30;40;10
DRCPL2;DRCPL2C5;MS;40;50;10
DRCPL2;DRCPL2C6;MS;50;60;10
DRCPL2;DRCPL2C7;MS;60;70;10
DRCPL2;DRCPL2C8;MS;70;80;10
DRCPL2;DRCPL2C9;MS;80;90;10
DRCPL30;DRCPL30C1;MS;0;10;10
DRCPL20;DRCPL20C10;MS;90;100;10
DRCPL20;DRCPL20C2;MS;10;20;10
DRCPL20;DRCPL20C3;MS;20;30;10
DRCPL20;DRCPL20C4;MS;30;40;10
DRCPL20;DRCPL20C5;MS;40;50;10
DRCPL20;DRCPL20C6;MS;50;60;10
DRCPL20;DRCPL20C7;MS;60;70;10
DRCPL20;DRCPL20C8;MS;70;80;10
DRCPL20;DRCPL20C9;MS;80;90;10
DRCPL21;DRCPL21C1;MS;0;10;10
DRCPL31;DRCPL31C2;MS;10;20;10
DRCPL21;DRCPL21C2;MS;10;20;10
DRCPL21;DRCPL21C3;MS;20;30;10
DRCPL21;DRCPL21C4;MS;30;40;10
DRCPL21;DRCPL21C5;MS;40;50;10
DRCPL21;DRCPL21C6;MS;50;60;10
DRCPL21;DRCPL21C7;MS;60;70;10
DRCPL21;DRCPL21C8;MS;70;80;10
DRCPL21;DRCPL21C9;MS;80;90;10
DRCPL22;DRCPL22C1;MS;0;10;10
DRCPL22;DRCPL22C2;MS;10;20;10
DRCPL32;DRCPL32C2;MS;10;20;10
DRCPL32;DRCPL32C3;MS;20;30;10
DRCPL22;DRCPL22C3;MS;20;30;10
DRCPL22;DRCPL22C4;MS;30;40;10
DRCPL22;DRCPL22C5;MS;40;50;10
DRCPL22;DRCPL22C6;MS;50;60;10
DRCPL22;DRCPL22C7;MS;60;70;10
DRCPL22;DRCPL22C8;MS;70;80;10
DRCPL22;DRCPL22C9;MS;80;90;10
DRCPL23;DRCPL23C1;MS;0;10;10
DRCPL24;DRCPL24C1;MS;0;10;10
DRCPL25;DRCPL25C1;MS;0;10;10
DRCPL33;DRCPL33C2;MS;10;20;10
DRCPL33;DRCPL33C3;MS;20;30;10
DRCPL33;DRCPL33C4;MS;30;40;10
DRCPL33;DRCPL33C5;MS;40;50;10
DRCPL33;DRCPL33C6;MS;50;60;10
DRCPL33;DRCPL33C7;MS;60;70;10
DRCPL33;DRCPL33C8;MS;70;80;10
DRCPL33;DRCPL33C9;MS;80;90;10
DRCPL34;DRCPL34C2;MS;10;20;10
DRCPL34;DRCPL34C3;MS;20;30;10
DRCPL34;DRCPL34C4;MS;30;40;10
DRCPL34;DRCPL34C5;MS;40;50;10
DRCPL34;DRCPL34C6;MS;50;60;10
DRCPL34;DRCPL34C7;MS;60;70;10
DRCPL34;DRCPL34C8;MS;70;80;10
DRCPL34;DRCPL34C9;MS;80;90;10
DRCPL35;DRCPL35C2;MS;10;20;10
DRCPL35;DRCPL35C3;MS;20;30;10
DRCPL35;DRCPL35C4;MS;30;40;10
DRCPL35;DRCPL35C5;MS;40;50;10
DRCPL35;DRCPL35C6;MS;50;60;10
DRCPL35;DRCPL35C7;MS;60;70;10
DRCPL35;DRCPL35C8;MS;70;80;10
DRCPL35;DRCPL35C9;MS;80;90;10
DRCPL36;DRCPL36C1;MS;0;10;10
DRCPL36;DRCPL36C10;MS;90;100;10
DRCPL36;DRCPL36C2;MS;10;20;10
DRCPL36;DRCPL36C3;MS;20;30;10
DRCPL36;DRCPL36C4;MS;30;40;10
DRCPL36;DRCPL36C5;MS;40;50;10
DRCPL36;DRCPL36C6;MS;50;60;10
DRCPL36;DRCPL36C7;MS;60;70;10
DRCPL36;DRCPL36C8;MS;70;80;10
DRCPL36;DRCPL36C9;MS;80;90;10
DRCPL37;DRCPL37C1;MS;0;10;10
DRCPL37;DRCPL37C10;MS;90;100;10
DRCPL37;DRCPL37C2;MS;10;20;10
DRCPL37;DRCPL37C3;MS;20;30;10
DRCPL37;DRCPL37C4;MS;30;40;10
DRCPL37;DRCPL37C5;MS;40;50;10
DRCPL37;DRCPL37C6;MS;50;60;10
DRCPL37;DRCPL37C7;MS;60;70;10
DRCPL37;DRCPL37C8;MS;70;80;10
DRCPL37;DRCPL37C9;MS;80;90;10
DRCPL38;DRCPL38C1;MS;0;10;10
DRCPL38;DRCPL38C10;MS;90;100;10
DRCPL38;DRCPL38C2;MS;10;20;10
DRCPL38;DRCPL38C3;MS;20;30;10
DRCPL38;DRCPL38C4;MS;30;40;10
DRCPL38;DRCPL38C5;MS;40;50;10
DRCPL38;DRCPL38C6;MS;50;60;10
DRCPL38;DRCPL38C7;MS;60;70;10
DRCPL38;DRCPL38C8;MS;70;80;10
DRCPL38;DRCPL38C9;MS;80;90;10
DRCPL39;DRCPL39C1;MS;0;10;10
DRCPL39;DRCPL39C10;MS;90;100;10
DRCPL39;DRCPL39C2;MS;10;20;10
DRCPL39;DRCPL39C3;MS;20;30;10
DRCPL39;DRCPL39C4;MS;30;40;10
DRCPL39;DRCPL39C5;MS;40;50;10
DRCPL39;DRCPL39C6;MS;50;60;10
DRCPL39;DRCPL39C7;MS;60;70;10
DRCPL39;DRCPL39C8;MS;70;80;10
DRCPL39;DRCPL39C9;MS;80;90;10
DRCPL3;DRCPL3C1;MS;0;10;10
DRCPL3;DRCPL3C10;MS;90;100;10
DRCPL3;DRCPL3C2;MS;10;20;10
DRCPL3;DRCPL3C3;MS;20;30;10
DRCPL3;DRCPL3C4;MS;30;40;10
DRCPL3;DRCPL3C5;MS;40;50;10
DRCPL3;DRCPL3C6;MS;50;60;10
DRCPL3;DRCPL3C7;MS;60;70;10
DRCPL3;DRCPL3C8;MS;70;80;10
DRCPL3;DRCPL3C9;MS;80;90;10
DRCPL40;DRCPL40C1;MS;0;10;10
DRCPL40;DRCPL40C10;MS;90;100;10
DRCPL30;DRCPL30C2;MS;10;20;10
DRCPL30;DRCPL30C3;MS;20;30;10
DRCPL30;DRCPL30C4;MS;30;40;10
DRCPL30;DRCPL30C5;MS;40;50;10
DRCPL30;DRCPL30C6;MS;50;60;10
DRCPL30;DRCPL30C7;MS;60;70;10
DRCPL30;DRCPL30C8;MS;70;80;10
DRCPL30;DRCPL30C9;MS;80;90;10
DRCPL31;DRCPL31C1;MS;0;10;10
DRCPL31;DRCPL31C10;MS;90;100;10
DRCPL4;DRCPL4C2;MS;10;20;10
DRCPL4;DRCPL4C3;MS;20;30;10
DRCPL31;DRCPL31C3;MS;20;30;10
DRCPL31;DRCPL31C4;MS;30;40;10
DRCPL31;DRCPL31C5;MS;40;50;10
DRCPL31;DRCPL31C6;MS;50;60;10
DRCPL31;DRCPL31C7;MS;60;70;10
DRCPL31;DRCPL31C8;MS;70;80;10
DRCPL31;DRCPL31C9;MS;80;90;10
DRCPL32;DRCPL32C1;MS;0;10;10
DRCPL32;DRCPL32C4;MS;30;40;10
DRCPL32;DRCPL32C5;MS;40;50;10
DRCPL40;DRCPL40C2;MS;10;20;10
DRCPL40;DRCPL40C3;MS;20;30;10
DRCPL32;DRCPL32C6;MS;50;60;10
DRCPL32;DRCPL32C7;MS;60;70;10
DRCPL32;DRCPL32C8;MS;70;80;10
DRCPL32;DRCPL32C9;MS;80;90;10
DRCPL33;DRCPL33C1;MS;0;10;10
DRCPL33;DRCPL33C10;MS;90;100;10
DRCPL34;DRCPL34C1;MS;0;10;10
DRCPL34;DRCPL34C10;MS;90;100;10
DRCPL35;DRCPL35C1;MS;0;10;10
DRCPL35;DRCPL35C10;MS;90;100;10
DRCPL4;DRCPL4C4;MS;30;40;10
DRCPL4;DRCPL4C5;MS;40;50;10
DRCPL4;DRCPL4C6;MS;50;60;10
DRCPL4;DRCPL4C7;MS;60;70;10
DRCPL4;DRCPL4C8;MS;70;80;10
DRCPL4;DRCPL4C9;MS;80;90;10
DRCPL5;DRCPL5C1;MS;0;10;10
DRCPL5;DRCPL5C10;MS;90;100;10
DRCPL5;DRCPL5C2;MS;10;20;10
DRCPL5;DRCPL5C3;MS;20;30;10
DRCPL40;DRCPL40C4;MS;30;40;10
DRCPL40;DRCPL40C5;MS;40;50;10
DRCPL40;DRCPL40C6;MS;50;60;10
DRCPL40;DRCPL40C7;MS;60;70;10
DRCPL40;DRCPL40C8;MS;70;80;10
DRCPL40;DRCPL40C9;MS;80;90;10
DRCPL5;DRCPL5C4;MS;30;40;10
DRCPL5;DRCPL5C5;MS;40;50;10
DRCPL4;DRCPL4C1;MS;0;10;10
DRCPL4;DRCPL4C10;MS;90;100;10
DRCPL5;DRCPL5C6;MS;50;60;10
DRCPL5;DRCPL5C7;MS;60;70;10
DRCPL5;DRCPL5C8;MS;70;80;10
DRCPL5;DRCPL5C9;MS;80;90;10
DRCPL6;DRCPL6C1;MS;0;10;10
DRCPL6;DRCPL6C10;MS;90;100;10
DRCPL6;DRCPL6C2;MS;10;20;10
DRCPL6;DRCPL6C3;MS;20;30;10
DRCPL6;DRCPL6C4;MS;30;40;10
DRCPL6;DRCPL6C5;MS;40;50;10
DRCPL6;DRCPL6C6;MS;50;60;10
DRCPL6;DRCPL6C7;MS;60;70;10
DRCPL6;DRCPL6C8;MS;70;80;10
DRCPL6;DRCPL6C9;MS;80;90;10
DRCPL7;DRCPL7C1;MS;0;10;10
DRCPL7;DRCPL7C10;MS;90;100;10
DRCPL7;DRCPL7C2;MS;10;20;10
DRCPL7;DRCPL7C3;MS;20;30;10
DRCPL7;DRCPL7C4;MS;30;40;10
DRCPL7;DRCPL7C5;MS;40;50;10
DRCPL7;DRCPL7C6;MS;50;60;10
DRCPL7;DRCPL7C7;MS;60;70;10
DRCPL7;DRCPL7C8;MS;70;80;10
DRCPL7;DRCPL7C9;MS;80;90;10
DRCPL8;DRCPL8C1;MS;0;10;10
DRCPL8;DRCPL8C10;MS;90;100;10
DRCPL8;DRCPL8C2;MS;10;20;10
DRCPL8;DRCPL8C3;MS;20;30;10
DRCPL8;DRCPL8C4;MS;30;40;10
DRCPL8;DRCPL8C5;MS;40;50;10
DRCPL8;DRCPL8C6;MS;50;60;10
DRCPL8;DRCPL8C7;MS;60;70;10
DRCPL8;DRCPL8C8;MS;70;80;10
DRCPL8;DRCPL8C9;MS;80;90;10
DRCPL9;DRCPL9C1;MS;0;10;10
DRCPL9;DRCPL9C10;MS;90;100;10
DRCPL9;DRCPL9C2;MS;10;20;10
DRCPL9;DRCPL9C3;MS;20;30;10
DRCPL9;DRCPL9C4;MS;30;40;10
DRCPL9;DRCPL9C5;MS;40;50;10
DRCPL9;DRCPL9C6;MS;50;60;10
DRCPL9;DRCPL9C7;MS;60;70;10
DRCPL9;DRCPL9C8;MS;70;80;10
DRCPL9;DRCPL9C9;MS;80;90;10
KBPL1;KBPL1.1M_Pu;MS;0;60;60
KBPL1;KBPL1.2M_Pu;MS;0;60;60
KBPL1;KBPL1.3M_Pu;MS;0;60;60
KBPL1;KBPL1.4M_Pu;MS;0;60;60
KBPL10;KBPL10C1;MS;0;10;10
KBPL10;KBPL10C10;MS;90;100;10
KBPL11;KBPL11C9;MS;80;90;10
KBPL11;KBPL11Comp_M1Pu;MS;0;60;60
KBPL1;KBPL1C10;MS;90;100;10
KBPL1;KBPL1C2;MS;10;20;10
KBPL10;KBPL10C2;MS;10;20;10
KBPL10;KBPL10C3;MS;20;30;10
KBPL10;KBPL10C4;MS;30;40;10
KBPL10;KBPL10C5;MS;40;50;10
KBPL10;KBPL10C6;MS;50;60;10
KBPL10;KBPL10C7;MS;60;70;10
KBPL3;KBPL3.8M_Pu;MS;0;60;60
KBPL3;KBPL3.9M_Pu;MS;0;60;60
KBPL3;KBPL3C1;MS;0;10;10
KBPL3;KBPL3C10;MS;90;100;10
KBPL3;KBPL3C2;MS;10;20;10
KBPL3;KBPL3C3;MS;20;30;10
KBPL3;KBPL3C4;MS;30;40;10
KBPL3;KBPL3C5;MS;40;50;10
KBPL3;KBPL3C6;MS;50;60;10
KBPL3;KBPL3C7;MS;60;70;10
KBPL3;KBPL3C8;MS;70;80;10
KBPL3;KBPL3C9;MS;80;90;10
KBPL11;KBPL11Comp_M2Pu;MS;60;120;60
KBPL12;KBPL12C1;MS;0;10;10
KBPL12;KBPL12C10;MS;90;100;10
KBPL12;KBPL12C2;MS;10;20;10
KBPL12;KBPL12C3;MS;20;30;10
KBPL12;KBPL12C4;MS;30;40;10
KBPL12;KBPL12C5;MS;40;50;10
KBPL12;KBPL12C6;MS;50;60;10
KBPL12;KBPL12C7;MS;60;70;10
KBPL12;KBPL12C8;MS;70;80;10
KBPL12;KBPL12C9;MS;80;90;10
KBPL12;KBPL12Comp_M1Pu;MS;0;60;60
KBPL12;KBPL12Comp_M2Pu;MS;60;120;60
KBPL4;KBPL4C7;MS;60;70;10
KBPL4;KBPL4C8;MS;70;80;10
KBPL4;KBPL4C9;MS;80;90;10
KBPL4;KBPL4Comp_M_Pu;MS;0;60;60
KBPL4;KBPL4PC1;MS;0;10;10
KBPL5;KBPL5C3;MS;20;30;10
KBPL5;KBPL5C4;MS;30;40;10
KBPL5;KBPL5C5;MS;40;50;10
KBPL5;KBPL5C6;MS;50;60;10
KBPL5;KBPL5C7;MS;60;70;10
KBPL5;KBPL5C8;MS;70;80;10
KBPL5;KBPL5C9;MS;80;90;10
KBPL1;KBPL1C3;MS;20;30;10
KBPL1;KBPL1C4;MS;30;40;10
KBPL1;KBPL1C5;MS;40;50;10
KBPL1;KBPL1C6;MS;50;60;10
KBPL1;KBPL1PC5;MS;40;50;10
KBPL1;KBPL1PC6;MS;50;60;10
KBPL1;KBPL1PC7;MS;60;70;10
KBPL1;KBPL1PC8;MS;70;80;10
KBPL1;KBPL1PC9;MS;80;90;10
KBPL2;KBPL2.5M_Pu;MS;0;60;60
KBPL2;KBPL2.6M_Pu;MS;0;60;60
KBPL2;KBPL2.7M_Pu;MS;0;60;60
KBPL2;KBPL2C1;MS;0;10;10
KBPL2;KBPL2C10;MS;90;100;10
KBPL2;KBPL2C2;MS;10;20;10
KBPL2;KBPL2C3;MS;20;30;10
KBPL10;KBPL10C8;MS;70;80;10
KBPL10;KBPL10C9;MS;80;90;10
KBPL10;KBPL10Comp_M1Pu;MS;0;60;60
KBPL10;KBPL10Comp_M2Pu;MS;60;120;60
KBPL10;KBPL10PC1;MS;0;10;10
KBPL5;KBPL5Comp_M_Pu;MS;0;60;60
KBPL6;KBPL6C1;MS;0;10;10
KBPL6;KBPL6C10;MS;90;100;10
KBPL6;KBPL6C2;MS;10;20;5
KBPL6;KBPL6C3;MS;20;30;10
KBPL7;KBPL7C3;MS;20;30;10
KBPL7;KBPL7C4;MS;30;40;10
KBPL7;KBPL7C5;MS;40;50;10
KBPL8;KBPL8C5;MS;40;50;10
KBPL8;KBPL8C6;MS;50;60;10
KBPL8;KBPL8C7;MS;60;70;10
KBPL8;KBPL8C8;MS;70;80;10
KBPL8;KBPL8C9;MS;80;90;10
KBPL8;KBPL8Comp_M_Pu;MS;0;60;60
KBPL8;KBPL8PC1;MS;0;10;10
KBPL8;KBPL8PC10;MS;90;100;10
KBPL8;KBPL8PC11;MS;100;110;10
KBPL8;KBPL8PC12;MS;110;120;10
KBPL8;KBPL8PC13;MS;120;130;10
KBPL8;KBPL8PC18;MS;170;180;10
KBPL8;KBPL8PC19;MS;180;190;10
KBPL8;KBPL8PC2;MS;10;20;10
KBPL8;KBPL8PC20;MS;190;200;10
KBPL8;KBPL8PC3;MS;20;30;10
KBPL8;KBPL8PC4;MS;30;40;10
KBPL9;KBPL9C3;MS;20;30;10
KBPL9;KBPL9C4;MS;30;40;10
KBPL9;KBPL9C5;MS;40;50;10
KBPL9;KBPL9C6;MS;50;60;10
KBPL9;KBPL9C7;MS;60;70;10
KBPL9;KBPL9C8;MS;70;80;10
KBPL9;KBPL9C9;MS;80;90;10
KBPL9;KBPL9Comp_M_Pu;MS;0;60;60
KBPL10;KBPL10PC10;MS;90;100;10
KBPL10;KBPL10PC2;MS;10;20;10
KBPL10;KBPL10PC3;MS;20;30;10
KBPL10;KBPL10PC4;MS;30;40;10
KBPL10;KBPL10PC5;MS;40;50;10
KBPL10;KBPL10PC6;MS;50;60;10
KBPL10;KBPL10PC7;MS;60;70;10
KBPL10;KBPL10PC8;MS;70;80;10
KBPL1;KBPL1C7;MS;60;70;10
KBPL1;KBPL1C8;MS;70;80;10
KBPL2;KBPL2C4;MS;30;40;10
KBPL2;KBPL2C5;MS;40;50;10
KBPL4;KBPL4C1;MS;0;10;10
KBPL4;KBPL4C10;MS;90;100;10
KBPL4;KBPL4C2;MS;10;20;10
KBPL4;KBPL4C3;MS;20;30;10
KBPL4;KBPL4C4;MS;30;40;10
KBPL4;KBPL4C5;MS;40;50;10
KBPL4;KBPL4PC10;MS;90;100;10
KBPL4;KBPL4PC2;MS;10;20;10
KBPL4;KBPL4PC3;MS;20;30;10
KBPL4;KBPL4PC4;MS;30;40;10
KBPL4;KBPL4PC5;MS;40;50;10
KBPL4;KBPL4PC6;MS;50;60;10
KBPL6;KBPL6C4;MS;30;40;10
NPL1;NPL1.2M_Pu;MS;0;60;60
NPL1;NPL1.3M_Pu;MS;0;60;60
NPL1;NPL1.4M_Pu;MS;0;60;60
KBPL1;KBPL1C1;MS;0;10;10
KBPL1;KBPL1C9;MS;80;90;10
KBPL10;KBPL10PC9;MS;80;90;10
KBPL4;KBPL4C6;MS;50;60;10
KBPL4;KBPL4PC7;MS;60;70;10
KBPL6;KBPL6C5;MS;40;50;10
KBPL6;KBPL6C6;MS;50;60;10
KBPL6;KBPL6C7;MS;60;70;10
KBPL6;KBPL6C8;MS;70;80;10
KBPL6;KBPL6C9;MS;80;90;10
KBPL6;KBPL6Comp_M_Pu;MS;0;60;60
KBPL7;KBPL7C1;MS;0;10;10
KBPL7;KBPL7C6;MS;50;60;10
KBPL7;KBPL7C7;MS;60;70;10
KBPL8;KBPL8PC5;MS;40;50;10
KBPL8;KBPL8PC6;MS;50;60;10
KBPL7;KBPL7C10;MS;90;100;10
RF12;RF12C2;MS;10;20;10
NPL11;NPL11.3C5;MS;40;50;10
NPL11;NPL11.3C6;MS;50;60;10
NPL11;NPL11.3C7;MS;60;70;10
NPL11;NPL11.3C8;MS;70;80;10
NPL11;NPL11.3C9;MS;80;90;10
NPL11;NPL11C1;MS;0;10;10
NPL11;NPL11C4;MS;30;40;10
NPL11;NPL11Comp_M1Pu;MS;0;60;60
NPL11;NPL11Comp_M2Pu;MS;60;120;60
KBPL11;KBPL11C1;MS;0;10;10
KBPL11;KBPL11C10;MS;90;100;10
KBPL11;KBPL11C2;MS;10;20;10
KBPL11;KBPL11C3;MS;20;30;10
KBPL11;KBPL11C4;MS;30;40;10
KBPL11;KBPL11C5;MS;40;50;10
KBPL11;KBPL11C6;MS;50;60;10
KBPL1;KBPL1PC1;MS;0;10;10
KBPL1;KBPL1PC10;MS;90;100;10
KBPL1;KBPL1PC2;MS;10;20;10
KBPL1;KBPL1PC3;MS;20;30;10
KBPL7;KBPL7C2;MS;10;20;10
KBPL7;KBPL7C8;MS;70;80;10
KBPL8;KBPL8PC7;MS;60;70;10
KBPL8;KBPL8PC8;MS;70;80;10
KBPL8;KBPL8PC9;MS;80;90;10
KBPL9;KBPL9C1;MS;0;10;10
NPL1;NPL1.1M_Pu;MS;0;60;60
KBPL7;KBPL7C9;MS;80;90;10
KBPL7;KBPL7Comp_M_Pu;MS;0;60;60
KBPL8;KBPL8PC14;MS;130;140;10
KBPL8;KBPL8PC15;MS;140;150;10
NPL10;NPL10C1;MS;0;10;10
NPL10;NPL10C10;MS;90;100;10
KBPL9;KBPL9C10;MS;90;100;10
NPL11;NPL11PC1;MS;0;10;10
RF15;RF15C2;MS;10;20;10
NPL11;NPL11PC6;MS;50;60;10
NPL11;NPL11PC7;MS;60;70;10
NPL11;NPL11PC8;MS;70;80;10
NPL11;NPL11PC9;MS;80;90;10
NPL12;NPL12C1;MS;0;10;10
NPL12;NPL12C10;MS;90;100;10
NPL12;NPL12C2;MS;10;20;10
NPL1;NPL1PC11;MS;100;110;10
NPL1;NPL1PC2;MS;10;20;10
NPL1;NPL1PC3;MS;20;30;10
NPL1;NPL1PC4;MS;30;40;10
NPL1;NPL1PC5;MS;40;50;10
NPL1;NPL1PC6;MS;50;60;10
NPL1;NPL1PC7;MS;60;70;10
NPL1;NPL1PC8;MS;70;80;10
NPL1;NPL1PC9;MS;80;90;10
NPL2;NPL2.5M_Pu;MS;0;60;60
NPL10;NPL10C2;MS;10;20;10
NPL10;NPL10C3;MS;20;30;10
NPL10;NPL10C4;MS;30;40;10
NPL10;NPL10C5;MS;40;50;10
NPL10;NPL10C6;MS;50;60;10
NPL2;NPL2.6M_Pu;MS;0;60;60
NPL2;NPL2.7M_Pu;MS;0;60;60
NPL2;NPL2C1;MS;0;10;10
NPL2;NPL2C10;MS;90;100;10
NPL2;NPL2C2;MS;10;20;10
NPL2;NPL2C3;MS;20;30;10
NPL2;NPL2C4;MS;30;40;10
NPL2;NPL2C5;MS;40;50;10
NPL2;NPL2C6;MS;50;60;10
NPL11;NPL11PC10;MS;90;100;10
NPL11;NPL11PC2;MS;10;20;10
NPL11;NPL11PC3;MS;20;30;10
NPL11;NPL11PC4;MS;30;40;10
NPL11;NPL11PC5;MS;40;50;10
NPL12;NPL12C3;MS;20;30;10
NPL12;NPL12C4;MS;30;40;10
NPL12;NPL12C5;MS;40;50;10
NPL12;NPL12C6;MS;50;60;10
NPL12;NPL12C7;MS;60;70;10
NPL12;NPL12C8;MS;70;80;10
NPL12;NPL12C9;MS;80;90;10
NPL12;NPL12Comp_M1Pu;MS;0;60;60
NPL1;NPL1C1;MS;0;10;10
NPL1;NPL1C10;MS;90;100;10
NPL1;NPL1C2;MS;10;20;10
NPL1;NPL1C3;MS;20;30;10
NPL1;NPL1C4;MS;30;40;10
NPL1;NPL1C5;MS;40;50;10
NPL1;NPL1C6;MS;50;60;10
NPL1;NPL1C7;MS;60;70;10
NPL1;NPL1C8;MS;70;80;10
NPL1;NPL1C9;MS;80;90;10
NPL2;NPL2C7;MS;60;70;10
NPL2;NPL2C8;MS;70;80;10
NPL2;NPL2C9;MS;80;90;10
NPL3;NPL3.10M_Pu;MS;0;60;60
NPL1;NPL1PC1;MS;0;10;10
NPL1;NPL1PC10;MS;90;100;10
NPL10;NPL10C7;MS;60;70;10
NPL10;NPL10C8;MS;70;80;10
NPL10;NPL10C9;MS;80;90;10
NPL10;NPL10CompM1Pu;MS;0;60;60
NPL10;NPL10Comp_M2Pu;MS;60;120;60
NPL11;NPL11.1C2;MS;10;20;10
NPL11;NPL11.1C3;MS;20;30;10
NPL11;NPL11.1C5;MS;40;50;10
NPL11;NPL11.1C6;MS;50;60;10
NPL11;NPL11.1C7;MS;60;70;10
NPL11;NPL11.1C8;MS;70;80;10
NPL11;NPL11.1C9;MS;80;90;10
NPL11;NPL11.2C2;MS;10;20;10
NPL11;NPL11.2C3;MS;20;30;10
NPL11;NPL11.3C10;MS;90;100;10
NPL11;NPL11.3C2;MS;10;20;10
NPL11;NPL11.3C3;MS;20;30;10
NPL3;NPL3.8M_Pu;MS;0;60;60
NPL3;NPL3.9M_Pu;MS;0;60;60
NPL3;NPL3C1;MS;0;10;10
NPL3;NPL3C10;MS;90;100;10
NPL3;NPL3C2;MS;10;20;10
NPL3;NPL3C3;MS;20;30;10
NPL3;NPL3C4;MS;30;40;10
NPL3;NPL3C5;MS;40;50;10
NPL3;NPL3C6;MS;50;60;10
NPL3;NPL3C7;MS;60;70;10
NPL3;NPL3C8;MS;70;80;10
NPL3;NPL3C9;MS;80;90;10
NPL4;NPL4C1;MS;0;10;10
NPL4;NPL4C10;MS;90;100;10
NPL4;NPL4C2;MS;10;20;10
NPL4;NPL4C3;MS;20;30;10
NPL4;NPL4C4;MS;30;40;10
NPL4;NPL4C5;MS;40;50;10
NPL4;NPL4C6;MS;50;60;10
NPL4;NPL4C7;MS;60;70;10
NPL4;NPL4C8;MS;70;80;10
NPL4;NPL4C9;MS;80;90;10
NPL4;NPL4Comp_M_Pu;MS;0;60;60
NPL4;NPL4PC1;MS;0;10;10
NPL4;NPL4PC10;MS;90;100;10
NPL4;NPL4PC2;MS;10;20;10
NPL4;NPL4PC3;MS;20;30;10
NPL4;NPL4PC4;MS;30;40;10
NPL4;NPL4PC5;MS;40;50;10
NPL4;NPL4PC6;MS;50;60;10
NPL4;NPL4PC7;MS;60;70;10
NPL4;NPL4PC8;MS;70;80;10
NPL4;NPL4PC9;MS;80;90;10
NPL5;NPL5C1;MS;0;10;10
NPL5;NPL5C1.2;MS;0;10;10
NPL5;NPL5C10.2;MS;90;100;10
NPL5;NPL5C2;MS;10;20;10
NPL5;NPL5C2.2;MS;10;20;10
NPL5;NPL5C3;MS;20;30;10
NPL5;NPL5C3.2;MS;20;30;10
NPL5;NPL5C4;MS;30;40;10
NPL5;NPL5C4.2;MS;30;40;10
NPL5;NPL5C5;MS;40;50;10
NPL5;NPL5C5.2;MS;40;50;10
NPL5;NPL5C6;MS;50;60;10
NPL5;NPL5C6.2;MS;50;60;10
NPL5;NPL5C7;MS;60;70;10
NPL5;NPL5C7.2;MS;60;70;10
NPL5;NPL5C8;MS;70;80;10
NPL5;NPL5C8.2;MS;70;80;10
NPL5;NPL5C9;MS;80;90;10
NPL5;NPL5C9.2;MS;80;90;10
NPL5;NPL5Comp_M_Pu;MS;0;60;60
NPL6;NPL6C1;MS;0;10;10
NPL6;NPL6C10;MS;90;100;10
NPL6;NPL6C5;MS;40;50;10
NPL6;NPL6C6;MS;50;60;10
NPL6;NPL6C7;MS;60;70;10
NPL6;NPL6C8;MS;70;80;10
NPL6;NPL6C9;MS;80;90;10
NPL6;NPL6Comp_M_Pu;MS;0;60;60
NPL7;NPL7C1;MS;0;10;10
NPL7;NPL7C10;MS;90;100;10
NPL7;NPL7C5;MS;40;50;10
NPL7;NPL7C6;MS;50;60;10
NPL7;NPL7C7;MS;60;70;10
NPL7;NPL7C8;MS;70;80;10
NPL7;NPL7C9;MS;80;90;10
NPL7;NPL7Comp_M_Pu;MS;0;60;60
NPL7;NPL7PC1;MS;0;10;10
NPL7;NPL7PC10;MS;90;100;10
NPL7;NPL7PC2;MS;10;20;10
NPL7;NPL7PC3;MS;20;30;10
NPL7;NPL7PC4;MS;30;40;10
NPL7;NPL7PC5;MS;40;50;10
NPL7;NPL7PC6;MS;50;60;10
NPL7;NPL7PC7;MS;60;70;10
NPL7;NPL7PC8;MS;70;80;10
NPL7;NPL7PC9;MS;80;90;10
NPL8;NPL8C1;MS;0;10;10
NPL8;NPL8C10;MS;90;100;10
NPL8;NPL8C2;MS;10;20;10
NPL8;NPL8C9;MS;80;90;10
NPL8;NPL8Comp_M_Pu;MS;0;60;60
NPL9;NPL9C1;MS;0;10;10
NPL9;NPL9C10;MS;90;100;10
NPL9;NPL9C2;MS;10;20;10
NPL9;NPL9C3;MS;20;30;10
NPL9;NPL9C4;MS;30;40;10
NPL9;NPL9C5;MS;40;50;10
NPL9;NPL9C6;MS;50;60;10
NPL9;NPL9C7;MS;60;70;10
NPL9;NPL9C8;MS;70;80;10
NPL9;NPL9Comp_M_Pu;MS;0;60;60
RF10;RF10C1;MS;0;10;10
RF10;RF10C10;MS;90;100;10
RF10;RF10C2;MS;10;20;10
RF10;RF10C3;MS;20;30;10
RF10;RF10C4;MS;30;40;10
RF10;RF10C5;MS;40;50;10
RF10;RF10C6;MS;50;60;10
RF10;RF10C7;MS;60;70;10
RF10;RF10C8;MS;70;80;10
RF12;RF12C3;MS;20;30;10
RF12;RF12C4;MS;30;40;10
RF12;RF12C5;MS;40;50;10
RF12;RF12C6;MS;50;60;10
RF12;RF12C7;MS;60;70;10
RF12;RF12C8;MS;70;80;10
RF12;RF12C9;MS;80;90;10
RF13;RF13C1;MS;0;10;10
RF13;RF13C2;MS;10;20;10
RF13;RF13C3;MS;20;30;10
RF13;RF13C4;MS;30;40;10
RF13;RF13C5;MS;40;50;10
RF13;RF13C6;MS;50;60;10
RF13;RF13C7;MS;60;70;10
RF13;RF13C8;MS;70;80;10
RF15;RF15C3;MS;20;30;10
RF15;RF15C4;MS;30;40;10
RF15;RF15C5;MS;40;50;10
RF15;RF15C6;MS;50;60;10
RF15;RF15C7;MS;60;70;10
RF15;RF15C8;MS;70;80;10
RF15;RF15C9;MS;80;90;10
RF16;RF16C1;MS;0;10;10
RF16;RF16C10;MS;90;100;10
RF16;RF16C2;MS;10;20;10
RF16;RF16C3;MS;20;30;10
RF16;RF16C4;MS;30;40;10
RF16;RF16C5;MS;40;50;10
RF16;RF16C6;MS;50;60;10
RF16;RF16C7;MS;60;70;10
RF16;RF16C8;MS;70;80;10
RF16;RF16C9;MS;80;90;10
RF17;RF17C1;MS;0;10;10
RF17;RF17C10;MS;90;100;10
RF18;RF18C2;MS;10;20;10
RF18;RF18C3;MS;20;30;10
RF18;RF18C4;MS;30;40;10
RF18;RF18C5;MS;40;50;10
RF18;RF18C6;MS;50;60;10
RF18;RF18C7;MS;60;70;10
RF18;RF18C8;MS;70;80;10
RF18;RF18C9;MS;80;90;10
RF19;RF19C1;MS;0;10;10
RF19;RF19C10;MS;90;100;10
RF19;RF19C2;MS;10;20;10
RF19;RF19C3;MS;20;30;10
RF19;RF19C4;MS;30;40;10
RF19;RF19C5;MS;40;50;10
RF19;RF19C6;MS;50;60;10
RF19;RF19C7;MS;60;70;10
RF19;RF19C8;MS;70;80;10
RF19;RF19C9;MS;80;90;10
RF1;RF1C1;MS;0;10;10
RF1;RF1C10;MS;90;100;10
RF1;RF1C2;MS;10;20;10
RF1;RF1C3;MS;20;30;10
RF1;RF1C4;MS;30;40;10
RF1;RF1C5;MS;40;50;10
RF1;RF1C6;MS;50;60;10
RF1;RF1C7;MS;60;70;10
RF1;RF1C8;MS;70;80;10
RF1;RF1C9;MS;80;90;10
RF20;RF20C1;MS;0;10;10
RF20;RF20C10;MS;90;100;10
RF20;RF20C2;MS;10;20;10
RF20;RF20C3;MS;20;30;10
RF20;RF20C4;MS;30;40;10
RF20;RF20C5;MS;40;50;10
RF20;RF20C6;MS;50;60;10
RF20;RF20C7;MS;60;70;10
RF20;RF20C8;MS;70;80;10
RF20;RF20C9;MS;80;90;10
RF20;RF21C1;MS;0;10;10
RF21;RF21C10;MS;90;100;10
RF11;RF11C2;MS;10;20;10
RF11;RF11C3;MS;20;30;10
RF11;RF11C4;MS;30;40;10
RF11;RF11C5;MS;40;50;10
RF11;RF11C6;MS;50;60;10
RF11;RF11C7;MS;60;70;10
RF11;RF11C8;MS;70;80;10
RF11;RF11C9;MS;80;90;10
RF12;RF12C1;MS;0;10;10
RF12;RF12C10;MS;90;100;10
RF22;RF22C2;MS;10;20;10
RF22;RF22C3;MS;20;30;10
RF22;RF22C4;MS;30;40;10
RF22;RF22C5;MS;40;50;10
RF22;RF22C6;MS;50;60;10
RF22;RF22C7;MS;60;70;10
RF22;RF22C8;MS;70;80;10
RF22;RF22C9;MS;80;90;10
RF23;RF23C1;MS;0;10;10
RF23;RF23C10;MS;90;100;10
RF23;RF23C2;MS;10;20;10
RF23;RF23C3;MS;20;30;10
RF23;RF23C4;MS;30;40;10
RF23;RF23C5;MS;40;50;10
RF23;RF23C6;MS;50;60;10
RF23;RF23C7;MS;60;70;10
RF23;RF23C8;MS;70;80;10
RF23;RF23C9;MS;80;90;10
RF24;RF24C1;MS;0;10;10
RF24;RF24C10;MS;90;100;10
RF14;RF14C2;MS;10;20;10
RF14;RF14C3;MS;20;30;10
RF14;RF14C4;MS;30;40;10
RF14;RF14C5;MS;40;50;10
RF14;RF14C6;MS;50;60;10
RF14;RF14C7;MS;60;70;10
RF14;RF14C8;MS;70;80;10
RF14;RF14C9;MS;80;90;10
RF15;RF15C1;MS;0;10;10
RF15;RF15C10;MS;90;100;10
RF25;RF25C2;MS;10;20;10
RF25;RF25C3;MS;20;30;10
RF25;RF25C4;MS;30;40;10
RF25;RF25C5;MS;40;50;10
RF25;RF25C6;MS;50;60;10
RF25;RF25C7;MS;60;70;10
RF25;RF25C8;MS;70;80;10
RF25;RF25C9;MS;80;90;10
RF26;RF26C1;MS;0;10;10
RF26;RF26C10;MS;90;100;10
RF26;RF26C2;MS;10;20;10
RF26;RF26C3;MS;20;30;10
RF26;RF26C4;MS;30;40;10
RF26;RF26C5;MS;40;50;10
RF26;RF26C6;MS;50;60;10
RF26;RF26C7;MS;60;70;10
RF26;RF26C8;MS;70;80;10
RF26;RF26C9;MS;80;90;10
RF27;RF27C1;MS;0;10;10
RF27;RF27C10;MS;90;100;10
RF17;RF17C2;MS;10;20;10
RF17;RF17C3;MS;20;30;10
RF17;RF17C4;MS;30;40;10
RF17;RF17C5;MS;40;50;10
RF17;RF17C6;MS;50;60;10
RF17;RF17C7;MS;60;70;10
RF17;RF17C8;MS;70;80;10
RF17;RF17C9;MS;80;90;10
RF18;RF18C1;MS;0;10;10
RF18;RF18C10;MS;90;100;10
RF28;RF28C2;MS;10;20;10
RF28;RF28C3;MS;20;30;10
RF28;RF28C4;MS;30;40;10
RF28;RF28C5;MS;40;50;10
RF28;RF28C6;MS;50;60;10
RF28;RF28C7;MS;60;70;10
RF28;RF28C8;MS;70;80;10
RF28;RF28C9;MS;80;90;10
RF29;RF29C1;MS;0;10;10
RF29;RF29C10;MS;90;100;10
RF29;RF29C2;MS;10;20;10
RF29;RF29C3;MS;20;30;10
RF29;RF29C4;MS;30;40;10
RF29;RF29C5;MS;40;50;10
RF29;RF29C6;MS;50;60;10
RF29;RF29C7;MS;60;70;10
RF29;RF29C8;MS;70;80;10
RF29;RF29C9;MS;80;90;10
RF2;RF2C1;MS;0;10;10
RF2;RF2C10;MS;90;100;10
RF2;RF2C2;MS;10;20;10
RF2;RF2C3;MS;20;30;10
RF2;RF2C4;MS;30;40;10
RF2;RF2C5;MS;40;50;10
RF2;RF2C6;MS;50;60;10
RF2;RF2C7;MS;60;70;10
RF2;RF2C8;MS;70;80;10
RF2;RF2C9;MS;80;90;10
RF3;RF30C1;MS;0;10;10
RF30;RF30C10;MS;90;100;10
RF30;RF30C2;MS;10;20;10
RF30;RF30C3;MS;20;30;10
RF30;RF30C4;MS;30;40;10
RF30;RF30C5;MS;40;50;10
RF30;RF30C6;MS;50;60;10
RF30;RF30C7;MS;60;70;10
RF30;RF30C8;MS;70;80;10
RF30;RF30C9;MS;80;90;10
RF31;RF31C1;MS;0;10;10
RF31;RF31C10;MS;90;100;10
RF21;RF21C2;MS;10;20;10
RF21;RF21C3;MS;20;30;10
RF21;RF21C4;MS;30;40;10
RF21;RF21C5;MS;40;50;10
RF21;RF21C6;MS;50;60;10
RF21;RF21C7;MS;60;70;10
RF21;RF21C8;MS;70;80;10
RF21;RF21C9;MS;80;90;10
RF22;RF22C1;MS;0;10;10
RF22;RF22C10;MS;90;100;10
RF31;RF31C2;MS;10;20;10
RF32;RF32C3;MS;20;30;10
RF32;RF32C4;MS;30;40;10
RF32;RF32C5;MS;40;50;10
RF32;RF32C6;MS;50;60;10
RF32;RF32C7;MS;60;70;10
RF32;RF32C8;MS;70;80;10
RF32;RF32C9;MS;80;90;10
RF33;RF33C1;MS;0;10;10
RF33;RF33C10;MS;90;100;10
RF33;RF33C2;MS;10;20;10
RF33;RF33C3;MS;20;30;10
RF33;RF33C4;MS;30;40;10
RF33;RF33C5;MS;40;50;10
RF33;RF33C6;MS;50;60;10
RF33;RF33C7;MS;60;70;10
RF33;RF33C8;MS;70;80;10
RF33;RF33C9;MS;80;90;10
RF34;RF34C1;MS;0;10;10
RF34;RF34C10;MS;90;100;10
RF24;RF24C2;MS;10;20;10
RF24;RF24C3;MS;20;30;10
RF24;RF24C4;MS;30;40;10
RF24;RF24C5;MS;40;50;10
RF24;RF24C6;MS;50;60;10
RF24;RF24C7;MS;60;70;10
RF24;RF24C8;MS;70;80;10
RF24;RF24C9;MS;80;90;10
RF25;RF25C1;MS;0;10;10
RF25;RF25C10;MS;90;100;10
RF34;RF34C2;MS;10;20;10
RF3;RF3C2;MS;10;20;10
RF3;RF3C3;MS;20;30;10
RF3;RF3C4;MS;30;40;10
RF3;RF3C5;MS;40;50;10
RF3;RF3C6;MS;50;60;10
RF3;RF3C7;MS;60;70;10
RF3;RF3C8;MS;70;80;10
RF3;RF3C9;MS;80;90;10
RF4;RF4C1;MS;0;10;10
RF4;RF4C2;MS;10;20;10
RF4;RF4C3;MS;20;30;10
RF4;RF4C4;MS;30;40;10
RF4;RF4C5;MS;40;50;10
RF4;RF4C6;MS;50;60;10
RF4;RF4C7;MS;60;70;10
RF4;RF4C8;MS;70;80;10
RF4;RF4C9;MS;80;90;10
RF5;RF5C1;MS;0;10;10
RF5;RF5C10;MS;90;100;10
RF27;RF27C2;MS;10;20;10
RF27;RF27C3;MS;20;30;10
RF27;RF27C4;MS;30;40;10
RF27;RF27C5;MS;40;50;10
RF27;RF27C6;MS;50;60;10
RF27;RF27C7;MS;60;70;10
RF27;RF27C8;MS;70;80;10
RF27;RF27C9;MS;80;90;10
RF28;RF28C1;MS;0;10;10
RF28;RF28C10;MS;90;100;10
RF31;RF31C3;MS;20;30;10
RF5;RF5C2;MS;10;20;10
RF5;RF5C3;MS;20;30;10
RF5;RF5C4;MS;30;40;10
RF5;RF5C5;MS;40;50;10
RF5;RF5C6;MS;50;60;10
RF5;RF5C7;MS;60;70;10
RF5;RF5C8;MS;70;80;10
RF5;RF5C9;MS;80;90;10
RF6;RF6C1;MS;0;10;10
RF6;RF6C2;MS;10;20;10
RF6;RF6C3;MS;20;30;10
RF6;RF6C4;MS;30;40;10
RF6;RF6C5;MS;40;50;10
RF6;RF6C6;MS;50;60;10
RF6;RF6C7;MS;60;70;10
RF6;RF6C8;MS;70;80;10
RF6;RF6C9;MS;80;90;10
RF7;RF7C1;MS;0;10;10
RF7;RF7C10;MS;90;100;10
RF34;RF34C3;MS;20;30;10
RF34;RF34C4;MS;30;40;10
RF34;RF34C5;MS;40;50;10
RF34;RF34C6;MS;50;60;10
RF34;RF34C7;MS;60;70;10
RF34;RF34C8;MS;70;80;10
RF34;RF34C9;MS;80;90;10
RF3;RF3C1;MS;0;10;10
RF3;RF3C10;MS;90;100;10
RF4;RF4C10;MS;90;100;10
RF7;RF7C2;MS;10;20;10
RF7;RF7C3;MS;20;30;10
RF7;RF7C4;MS;30;40;10
RF7;RF7C5;MS;40;50;10
RF7;RF7C6;MS;50;60;10
RF7;RF7C7;MS;60;70;10
RF7;RF7C8;MS;70;80;10
RF7;RF7C9;MS;80;90;10
RF8;RF8C1;MS;0;10;10
RF8;RF8C10;MS;90;100;10
RF8;RF8C2;MS;10;20;10
RF8;RF8C3;MS;20;30;10
RF8;RF8C4;MS;30;40;10
RF8;RF8C5;MS;40;50;10
RF8;RF8C6;MS;50;60;10
RF8;RF8C7;MS;60;70;10
RF8;RF8C8;MS;70;80;10
RF8;RF8C9;MS;80;90;10
RF9;RF9C1;MS;0;10;10
RF9;RF9C10;MS;90;100;10
RF31;RF31C4;MS;30;40;10
RF31;RF31C5;MS;40;50;10
RF31;RF31C6;MS;50;60;10
RF31;RF31C7;MS;60;70;10
RF31;RF31C8;MS;70;80;10
RF31;RF31C9;MS;80;90;10
RF32;RF32C1;MS;0;10;10
RF32;RF32C10;MS;90;100;10
RF32;RF32C2;MS;10;20;10
RF6;RF6C10;MS;90;100;10
RF9;RF9C2;MS;10;20;10
RF9;RF9C3;MS;20;30;10
RF9;RF9C4;MS;30;40;10
RF9;RF9C5;MS;40;50;10
RF9;RF9C6;MS;50;60;10
RF9;RF9C7;MS;60;70;10
RF9;RF9C8;MS;70;80;10
RF9;RF9C9;MS;80;90;10
DRCPL29;DRCPL29C10;MS;90;100;10
DRCPL10;DRCPL10C1;MS;0;10;10
KBPL11;KBPL11C7;MS;60;70;10
KBPL2;KBPL2C6;MS;50;60;10
KBPL2;KBPL2C7;MS;60;70;10
KBPL2;KBPL2C8;MS;70;80;10
KBPL2;KBPL2C9;MS;80;90;10
KBPL3;KBPL3.10M_Pu;MS;0;60;60
KBPL8;KBPL8PC16;MS;150;160;10
KBPL8;KBPL8PC17;MS;160;170;10
NPL5;NPL5C10;MS;90;100;10
NPL6;NPL6C2;MS;10;20;10
NPL6;NPL6C3;MS;20;30;10
DRCPL30;DRCPL30C10;MS;90;100;10
DRCPL12;DRCPL12C1;MS;0;10;10
NPL8;NPL8C3;MS;20;30;10
KBPL1;KBPL1PC4;MS;30;40;10
KBPL4;KBPL4PC8;MS;70;80;10
KBPL4;KBPL4PC9;MS;80;90;10
KBPL5;KBPL5C1;MS;0;10;10
KBPL5;KBPL5C10;MS;90;100;10
KBPL5;KBPL5C2;MS;10;20;10
NPL8;NPL8C4;MS;30;40;10
NPL8;NPL8C5;MS;40;50;10
NPL8;NPL8C6;MS;50;60;10
NPL6;NPL6C4;MS;30;40;10
NPL7;NPL7C2;MS;10;20;10
NPL7;NPL7C3;MS;20;30;10
DRCPL32;DRCPL32C10;MS;90;100;10
DRCPL14;DRCPL14C1;MS;0;10;10
NPL9;NPL9C9;MS;80;90;10
KBPL11;KBPL11C8;MS;70;80;10
KBPL8;KBPL8C1;MS;0;10;10
KBPL8;KBPL8C10;MS;90;100;10
KBPL8;KBPL8C2;MS;10;20;10
KBPL8;KBPL8C3;MS;20;30;10
KBPL8;KBPL8C4;MS;30;40;10
KBPL9;KBPL9C2;MS;10;20;10
RF10;RF10C9;MS;80;90;10
RF11;RF11C1;MS;0;10;10
RF11;RF11C10;MS;90;100;10
NPL7;NPL7C4;MS;30;40;10
NPL8;NPL8C7;MS;60;70;10
NPL8;NPL8C8;MS;70;80;10
RF13;RF13C10;MS;90;100;10
RF13;RF13C9;MS;80;90;10
RF14;RF14C1;MS;0;10;10
RF14;RF14C10;MS;90;100;10
UPL2;UPL2.6M_Pu;MS;0;60;60
UPL2;UPL2.7M_Pu;MS;0;60;60
UPL2;UPL2C1;MS;0;10;10
UPL2;UPL2C10;MS;90;100;10
UPL2;UPL2C2;MS;10;20;10
UPL5;UPL5PC1a;MS;0;10;10
UPL3;UPL3.8M_Pu;MS;0;60;60
UPL3;UPL3.9M_Pu;MS;0;60;60
UPL3;UPL3C1;MS;0;10;10
UPL5;UPL5PC1b;MS;0;10;10
UPL3;UPL3C10;MS;90;100;10
UPL3;UPL3C2;MS;10;20;10
UPL6;UPL6C2;MS;10;20;10
UPL4;UPL4C1;MS;0;10;10
UPL4;UPL4C10;MS;90;100;10
UPL4;UPL4C2;MS;10;20;10
UPL6;UPL6C3;MS;20;30;10
UPL4;UPL4C3;MS;20;30;10
UPL4;UPL4C4;MS;30;40;10
UPL7;UPL7PC4;MS;30;40;10
UCD10;UCD10M2Pu;MS;60;100;40
UCD11;UCD11M1Pu;MS;0;60;60
UCD11;UCD11M2Pu;MS;60;100;40
UCD12;UCD12M1Pu;MS;0;60;60
UCD12;UCD12M2Pu;MS;60;100;40
UCD1;UCD1M1Pu;MS;0;60;60
UCD3;UCD3M1Pu;MS;0;60;60
UCD3;UCD3M2Pu;MS;60;100;40
UCD4;UCD4M1Pu;MS;0;60;60
UCD10;UCD10M1Pu;MS;0;60;60
UCD4;UCD4M2Pu;MS;60;100;40
UCD5;UCD5M1Pu;MS;0;60;60
UCD5;UCD5M2Pu;MS;60;100;40
UCD6;UCD6M1Pu;MS;0;60;60
UCD6;UCD6M2Pu;MS;60;100;40
UCD7;UCD7M1Pu;MS;0;60;60
UCD1;UCD1M2Pu;MS;60;100;40
UCD2;UCD2M1Pu;MS;0;60;60
UCD2;UCD2M2Pu;MS;60;100;40
UCD7;UCD7M2Pu;MS;60;100;40
UCD8;UCD8M1Pu;MS;0;60;60
UCD8;UCD8M2Pu;MS;60;100;40
UCD9;UCD9M1Pu;MS;0;60;60
UCD9;UCD9M2Pu;MS;60;100;40
UCP10;UCP10M1Pu;MS;0;20;20
UCP10;UCP10M2Pu;MS;20;40;20
UCP11;UCP11M2Pu;MS;20;40;20
UCP11;UCP11M3Pu;MS;40;60;20
UCP12;UCP12M1Pu;MS;0;20;20
UCP12;UCP12M2Pu;MS;20;40;20
UCP12;UCP12M3Pu;MS;40;60;20
UCP1;UCP1M1Pu;MS;0;20;20
UCP1;UCP1M2Pu;MS;20;40;20
UCP2;UCP2M2Pu;MS;20;40;20
UCP2;UCP2M3Pu;MS;40;60;20
UCP3;UCP3M1Pu;MS;0;20;20
UCP10;UCP10M3Pu;MS;40;60;20
UCP11;UCP11M1Pu;MS;0;20;20
UCP3;UCP3M2Pu;MS;20;40;20
UCP3;UCP3M3Pu;MS;40;60;20
UCP5;UCP5M1Pu;MS;0;20;20
UCP5;UCP5M2Pu;MS;20;40;20
UCP5;UCP5M3Pu;MS;40;60;20
UCP6;UCP6M1Pu;MS;0;20;20
UCP1;UCP1M3Pu;MS;40;60;20
UCP2;UCP2M1Pu;MS;0;20;20
UCP6;UCP6M3Pu;MS;40;60;20
UCP7;UCP7M1Pu;MS;0;20;20
UCP4;UCP4M1Pu;MS;0;20;20
UCP7;UCP7M3Pu;MS;40;60;20
UCP7;UCP7M2Pu;MS;20;40;20
UCP8;UCP8M1Pu;MS;0;20;20
UCP8;UCP8M2Pu;MS;20;40;20
UCP4;UCP4M2Pu;MS;20;40;20
UCP4;UCP4M3Pu;MS;40;60;20
UCP9;UCP9M1Pu;MS;0;20;20
UCP9;UCP9M2Pu;MS;20;40;20
UCP6;UCP6M2Pu;MS;20;40;20
UCS10;UCS10M1Pu;MS;0;60;60
UCP9;UCP9M3Pu;MS;40;60;20
UCS11;UCS11M1Pu;MS;0;60;60
UCS6;UCS6M1Pu;MS;0;60;60
UCS6;UCS6M1Pu_SP;MS;0;60;60
UCS7;UCS7M1Pu;MS;0;60;60
UCS7;UCS7M1Pu_SP;MS;0;60;60
UCS8;UCS8M1Pu;MS;0;60;60
UCS8;UCS8M1Pu_SP;MS;0;60;60
UCS9;UCS9M1Pu;MS;0;60;60
UF10;UF10C1;MS;0;10;7
UF10;UF10C10;MS;90;100;10
UF10;UF10C3;MS;20;30;10
UF10;UF10C4;MS;30;40;10
UF10;UF10C5;MS;40;50;10
UF10;UF10C6;MS;50;60;10
UF10;UF10C7;MS;60;70;10
UF10;UF10C8;MS;70;80;10
UF10;UF10C9;MS;80;90;10
UF11;UF11C1;MS;0;10;10
UF11;UF11C10;MS;90;100;10
UF11;UF11C3;MS;20;30;10
UF11;UF11C4;MS;30;40;10
UF11;UF11C5;MS;40;50;10
UF11;UF11C6;MS;50;60;10
UF11;UF11C7;MS;60;70;10
UF11;UF11C8;MS;70;80;10
UF11;UF11C9;MS;80;90;10
UF12;UF12C1;MS;0;10;10
UF12;UF12C10;MS;90;100;10
UF12;UF12C2;MS;10;20;10
UF12;UF12C3;MS;20;30;10
UF12;UF12C4;MS;30;40;10
UF12;UF12C5;MS;40;50;10
UF12;UF12C6;MS;50;60;10
UF12;UF12C7;MS;60;70;10
UF12;UF12C8;MS;70;80;10
UF12;UF12C9;MS;80;90;10
UF13;UF13C1;MS;0;10;10
UF13;UF13C10;MS;90;100;10
UF13;UF13C2;MS;10;20;10
UF13;UF13C3;MS;20;30;10
UF13;UF13C4;MS;30;40;10
UF13;UF13C5;MS;40;50;10
UF13;UF13C6;MS;50;60;10
UF13;UF13C7;MS;60;70;10
UF13;UF13C8;MS;70;80;10
UF13;UF13C9;MS;80;90;10
UF14;UF14C1;MS;0;10;10
UF14;UF14C10;MS;90;100;10
UF14;UF14C2;MS;10;20;10
UF14;UF14C3;MS;20;30;10
UF14;UF14C4;MS;30;40;10
UF14;UF14C5;MS;40;50;10
UF14;UF14C6;MS;50;60;10
UF14;UF14C7;MS;60;70;10
UF14;UF14C8;MS;70;80;10
UF14;UF14C9;MS;80;90;10
UF15;UF15C1;MS;0;10;10
UF15;UF15C10;MS;90;100;10
UF15;UF15C2;MS;10;20;10
UF15;UF15C3;MS;20;30;10
UF15;UF15C4;MS;30;40;10
UF15;UF15C5;MS;40;50;10
UF15;UF15C6;MS;50;60;10
UF15;UF15C7;MS;60;70;10
UF15;UF15C8;MS;70;80;10
UF15;UF15C9;MS;80;90;10
UF16;UF16C1;MS;0;10;10
UF16;UF16C10;MS;90;100;10
UF16;UF16C2;MS;10;20;10
UF16;UF16C3;MS;20;30;10
UF16;UF16C4;MS;30;40;10
UF16;UF16C5;MS;40;50;10
UF16;UF16C6;MS;50;60;10
UF16;UF16C7;MS;60;70;10
UF16;UF16C8;MS;70;80;10
UF16;UF16C9;MS;80;90;10
UF17;UF17C1;MS;0;10;10
UF17;UF17C10;MS;90;100;10
UF17;UF17C2;MS;10;20;10
UF17;UF17C3;MS;20;30;10
UF17;UF17C4;MS;30;40;10
UF17;UF17C5;MS;40;50;10
UF17;UF17C6;MS;50;60;10
UF17;UF17C7;MS;60;70;10
UF17;UF17C8;MS;70;80;10
UF17;UF17C9;MS;80;90;10
UF18;UF18C1;MS;0;10;10
UF18;UF18C10;MS;90;100;10
UF18;UF18C2;MS;10;20;10
UF18;UF18C3;MS;20;30;10
UF18;UF18C4;MS;30;40;10
UF18;UF18C5;MS;40;50;10
UF18;UF18C6;MS;50;60;10
UF18;UF18C7;MS;60;70;10
UF18;UF18C8;MS;70;80;10
UF18;UF18C9;MS;80;90;10
UF19;UF19C1;MS;0;10;10
UF19;UF19C10;MS;90;100;10
UF19;UF19C2;MS;10;20;10
UCS26;UCS26M1Pu;MS;0;60;60
UCS19;UCS19M1Pu;MS;0;60;60
UCS12;UCS12M1Pu;MS;0;60;60
UCS12;UCS12M1Pu_SP;MS;0;60;60
UCS13;UCS13M1Pu;MS;0;60;60
UCS14;UCS14M1Pu;MS;0;60;60
UCS15;UCS15M1Pu;MS;0;60;60
UCP8;UCP8M3Pu;MS;40;60;20
UCS17;UCS17M1Pu;MS;0;60;60
UCS16;UCS16M1Pu;MS;0;60;60
UCS18;UCS18M1Pu;MS;0;60;60
UF11;UF11C2;MS;10;20;10
UF1;UF1C3;MS;20;30;10
UF1;UF1C4;MS;30;40;10
UF1;UF1C5;MS;40;50;10
UF1;UF1C6;MS;50;60;10
UF1;UF1C7;MS;60;70;10
UF1;UF1C8;MS;70;80;10
UF1;UF1C9;MS;80;90;10
UF20;UF20C1;MS;0;10;10
UF20;UF20C10;MS;90;100;10
UF20;UF20C3;MS;20;30;10
UF20;UF20C4;MS;30;40;10
UF20;UF20C5;MS;40;50;10
UF20;UF20C6;MS;50;60;10
UF20;UF20C7;MS;60;70;10
UF20;UF20C8;MS;70;80;10
UF20;UF20C9;MS;80;90;10
UF21;UF21C1;MS;0;10;10
UF21;UF21C10;MS;90;100;10
UF21;UF21C3;MS;20;30;10
UF21;UF21C4;MS;30;40;10
UF21;UF21C5;MS;40;50;10
UF21;UF21C6;MS;50;60;10
UF21;UF21C7;MS;60;70;10
UF21;UF21C8;MS;70;80;10
UF21;UF21C9;MS;80;90;10
UF22;UF22C1;MS;0;10;10
UF22;UF22C10;MS;90;100;10
UF22;UF22C2;MS;10;20;10
UF22;UF22C3;MS;20;30;10
UF22;UF22C4;MS;30;40;10
UF22;UF22C5;MS;40;50;10
UF22;UF22C6;MS;50;60;10
UF22;UF22C7;MS;60;70;10
UF22;UF22C8;MS;70;80;10
UF22;UF22C9;MS;80;90;10
UF23;UF23C1;MS;0;10;10
UF23;UF23C10;MS;90;100;10
UF23;UF23C2;MS;10;20;10
UF23;UF23C3;MS;20;30;10
UF23;UF23C4;MS;30;40;10
UF23;UF23C5;MS;40;50;10
UF23;UF23C6;MS;50;60;10
UF23;UF23C7;MS;60;70;10
UF23;UF23C8;MS;70;80;10
UF23;UF23C9;MS;80;90;10
UF24;UF24C1;MS;0;10;10
UF24;UF24C10;MS;90;100;10
UF24;UF24C2;MS;10;20;10
UF24;UF24C3;MS;20;30;10
UF24;UF24C4;MS;30;40;10
UF24;UF24C5;MS;40;50;10
UF24;UF24C6;MS;50;60;10
UF24;UF24C7;MS;60;70;10
UF24;UF24C8;MS;70;80;10
UF24;UF24C9;MS;80;90;10
UF25;UF25C1;MS;0;10;10
UF25;UF25C10;MS;90;100;10
UF25;UF25C2;MS;10;20;10
UF25;UF25C3;MS;20;30;10
UF25;UF25C4;MS;30;40;10
UF25;UF25C5;MS;40;50;10
UF25;UF25C6;MS;50;60;10
UF25;UF25C7;MS;60;70;10
UF25;UF25C8;MS;70;80;10
UF25;UF25C9;MS;80;90;10
UF26;UF26C1;MS;0;10;10
UF26;UF26C10;MS;90;100;10
UF26;UF26C2;MS;10;20;10
UF19;UF19C3;MS;20;30;10
UCS27;UCS27M1Pu;MS;0;60;60
UCS1;UCS1M1Pu;MS;0;60;60
UCS1;UCS1M1Pu_SP;MS;0;60;60
UCS20;UCS20M1Pu;MS;0;60;60
UCS21;UCS21M1Pu;MS;0;60;60
UCS22;UCS22M1Pu;MS;0;60;60
UCS23;UCS23M1Pu;MS;0;60;60
UCS24;UCS24M1Pu;MS;0;60;60
UCS25;UCS25M1Pu;MS;0;60;60
UF10;UF10C2;MS;10;20;7
UF21;UF21C2;MS;10;20;10
UCS28;UCS28M1Pu;MS;0;60;60
UCS29;UCS29M1Pu;MS;0;60;60
UCS2;UCS2M1Pu;MS;0;60;60
UCS30;UCS30M1Pu;MS;0;60;60
UCS3;UCS3M1Pu;MS;0;60;60
UCS4;UCS4M1Pu;MS;0;60;60
UCS5;UCS5M1Pu;MS;0;60;60
UCS5;UCS5M1Pu_SP;MS;0;60;60
UF20;UF20C2;MS;10;20;10
UF19;UF19C4;MS;30;40;10
UF19;UF19C5;MS;40;50;10
UF19;UF19C6;MS;50;60;10
UF19;UF19C7;MS;60;70;10
UF19;UF19C8;MS;70;80;10
UF19;UF19C9;MS;80;90;10
UF1;UF1C1;MS;0;10;10
UF1;UF1C10;MS;90;100;10
UF1;UF1C2;MS;10;20;10
UF26;UF26C3;MS;20;30;10
UF26;UF26C4;MS;30;40;10
UF26;UF26C5;MS;40;50;10
UF26;UF26C6;MS;50;60;10
UF26;UF26C7;MS;60;70;10
UF26;UF26C8;MS;70;80;10
UF26;UF26C9;MS;80;90;10
UF2;UF2C1;MS;0;10;10
UF2;UF2C10;MS;90;100;10
UF2;UF2C2;MS;10;20;10
UF2;UF2C3;MS;20;30;10
UF2;UF2C4;MS;30;40;10
UF2;UF2C5;MS;40;50;10
UF2;UF2C6;MS;50;60;10
UF2;UF2C7;MS;60;70;10
UF2;UF2C8;MS;70;80;10
UF2;UF2C9;MS;80;90;10
UF3;UF3C1;MS;0;10;10
UF3;UF3C10;MS;90;100;10
UF3;UF3C2;MS;10;20;10
UF3;UF3C3;MS;20;30;10
UF3;UF3C4;MS;30;40;10
UF3;UF3C5;MS;40;50;10
UF3;UF3C6;MS;50;60;10
UF3;UF3C7;MS;60;70;10
UF3;UF3C8;MS;70;80;10
UF3;UF3C9;MS;80;90;10
UF4;UF4C1;MS;0;10;10
UF4;UF4C10;MS;90;100;10
UF4;UF4C2;MS;10;20;10
UF4;UF4C3;MS;20;30;10
UF4;UF4C4;MS;30;40;10
UF4;UF4C5;MS;40;50;10
UF4;UF4C6;MS;50;60;10
UF4;UF4C7;MS;60;70;10
UF4;UF4C8;MS;70;80;10
UF4;UF4C9;MS;80;90;10
UF5;UF5C1;MS;0;10;10
UF5;UF5C10;MS;90;100;10
UF5;UF5C2;MS;10;20;10
UF5;UF5C3;MS;20;30;10
UF5;UF5C4;MS;30;40;10
UF5;UF5C5;MS;40;50;10
UF5;UF5C6;MS;50;60;10
UF5;UF5C7;MS;60;70;10
UF5;UF5C8;MS;70;80;10
UF5;UF5C9;MS;80;90;10
UF6;UF6C1;MS;0;10;10
UF6;UF6C10;MS;90;100;10
UF6;UF6C2;MS;10;20;10
UF6;UF6C3;MS;20;30;10
UF6;UF6C4;MS;30;40;10
UF6;UF6C5;MS;40;50;10
UF6;UF6C6;MS;50;60;10
UF6;UF6C7;MS;60;70;10
UF6;UF6C8;MS;70;80;10
UF6;UF6C9;MS;80;90;10
UF7;UF7C1;MS;0;10;10
UF7;UF7C10;MS;90;100;10
UF7;UF7C2;MS;10;20;10
UF7;UF7C3;MS;20;30;10
UF7;UF7C4;MS;30;40;10
UF7;UF7C5;MS;40;50;10
UF7;UF7C6;MS;50;60;10
UPL10;UPL10C6;MS;50;60;10
UPL11;UPL11C6;MS;50;60;10
UPL11;UPL11C7;MS;60;70;10
UPL11;UPL11C8;MS;70;80;10
UPL11;UPL11C9;MS;80;90;10
UPL11;UPL11Comp_M1Pu;MS;0;60;60
UPL11;UPL11Comp_M2Pu;MS;60;120;60
UPL11;UPL11PC1;MS;0;10;10
UPL11;UPL11PC10;MS;90;100;10
UPL11;UPL11PC11;MS;100;110;10
UPL11;UPL11PC2;MS;10;20;10
UPL11;UPL11PC3;MS;20;30;10
UPL11;UPL11PC4;MS;30;40;10
UPL12;UPL12.2.5;MS;40;50;10
UPL12;UPL12.2.6;MS;50;60;10
UPL12;UPL12.3.2;MS;10;20;10
UPL12;UPL12.3.3;MS;20;30;10
UPL12;UPL12.3.5;MS;40;50;10
UPL12;UPL12.3.6;MS;50;60;10
UPL12;UPL12.4.2;MS;10;20;10
UPL12;UPL12.4.3;MS;20;30;10
UPL12;UPL12.4.5;MS;40;50;10
UPL12;UPL12.4.6;MS;50;60;10
UPL12;UPL12C1;MS;0;10;10
UPL12;UPL12C4;MS;30;40;10
UPL12;UPL12C7;MS;60;70;10
UPL12;UPL12C710;MS;90;100;10
UPL12;UPL12C8;MS;70;80;10
UPL12;UPL12C9;MS;80;90;10
UPL12;UPL12Comp_M1Pu;MS;0;60;60
UPL12;UPL12Comp_M2Pu;MS;60;120;60
UPL13;UPL13.1.1;MS;0;10;10
UPL13;UPL13.1.2;MS;10;20;10
UPL13;UPL13.1.3;MS;20;30;10
UPL13;UPL13.1.4;MS;30;40;10
UPL13;UPL13.1.5;MS;40;50;10
UPL13;UPL13.1.6;MS;50;60;10
UPL13;UPL13.1.7;MS;60;70;10
UPL13;UPL13.2.1;MS;0;10;10
UPL13;UPL13.2.2;MS;10;20;10
UPL13;UPL13.2.3;MS;20;30;10
UPL13;UPL13.2.4;MS;30;40;10
UPL13;UPL13.2.5;MS;40;50;10
UPL13;UPL13.2.6;MS;50;60;10
UPL13;UPL13.2.7;MS;60;70;10
UPL13;UPL13.2.8;MS;70;80;10
UPL13;UPL13.3.1;MS;0;10;10
UPL13;UPL13.3.2;MS;10;20;10
UPL13;UPL13.3.3;MS;20;30;10
UPL13;UPL13.3.4;MS;30;40;10
UPL13;UPL13.3.5;MS;40;50;10
UPL13;UPL13.3.6;MS;50;60;10
UPL13;UPL13.3.7;MS;60;70;10
UPL13;UPL13.4.1;MS;0;10;10
UPL13;UPL13.4.2;MS;10;20;10
UPL13;UPL13.4.3;MS;20;30;10
UPL13;UPL13.4.4;MS;30;40;10
UPL13;UPL13.4.5;MS;40;50;10
UPL13;UPL13.4.6;MS;50;60;10
UPL13;UPL13.4.7;MS;60;70;10
UPL13;UPL13.4.8;MS;70;80;10
UPL1;UPL1C1;MS;0;10;10
UPL1;UPL1C10;MS;90;100;10
UPL1;UPL1C2;MS;10;20;10
UPL1;UPL1C3;MS;20;30;10
UPL1;UPL1C4;MS;30;40;10
UPL1;UPL1C5;MS;40;50;10
UPL1;UPL1C6;MS;50;60;10
UPL1;UPL1C7;MS;60;70;10
UF8;UF8C3;MS;20;30;10
UF8;UF8C4;MS;30;40;10
UF8;UF8C5;MS;40;50;10
UF8;UF8C6;MS;50;60;10
UF8;UF8C7;MS;60;70;10
UF8;UF8C8;MS;70;80;10
UF8;UF8C9;MS;80;90;10
UF9;UF9C1;MS;0;10;10
UF9;UF9C10;MS;90;100;10
UF9;UF9C2;MS;10;20;10
UF9;UF9C3;MS;20;30;10
UF9;UF9C4;MS;30;40;10
UF9;UF9C5;MS;40;50;10
UF9;UF9C6;MS;50;60;10
UF9;UF9C7;MS;60;70;10
UF9;UF9C8;MS;70;80;10
UF7;UF7C7;MS;60;70;10
UF7;UF7C8;MS;70;80;10
UF7;UF7C9;MS;80;90;10
UF8;UF8C1;MS;0;10;10
UF8;UF8C10;MS;90;100;10
UF8;UF8C2;MS;10;20;10
UF9;UF9C9;MS;80;90;10
UPL1;UPL1.1M_Pu;MS;0;60;60
UPL1;UPL1.2M_Pu;MS;0;60;60
UPL1;UPL1.3M_Pu;MS;0;60;60
UPL10;UPL10C7;MS;60;70;10
UPL10;UPL10C8;MS;70;80;10
UPL10;UPL10C9;MS;80;90;10
UPL10;UPL10Comp_M1Pu;MS;0;60;60
UPL10;UPL10Comp_M2Pu;MS;60;120;60
UPL11;UPL11PC5;MS;40;50;10
UPL11;UPL11PC6;MS;50;60;10
UPL11;UPL11PC7;MS;60;70;10
UPL11;UPL11PC8;MS;70;80;10
UPL11;UPL11PC9;MS;80;90;10
UPL12;UPL12.1.2;MS;10;20;10
UPL12;UPL12.1.3;MS;20;30;10
UPL12;UPL12.1.5;MS;40;50;10
UPL12;UPL12.1.6;MS;50;60;10
UPL12;UPL12.2.2;MS;10;20;10
UPL12;UPL12.2.3;MS;20;30;10
UPL11;UPL11C1;MS;0;10;10
UPL11;UPL11C10;MS;90;100;10
UPL11;UPL11C2;MS;10;20;10
UPL11;UPL11C3;MS;20;30;10
UPL11;UPL11C4;MS;30;40;10
UPL11;UPL11C5;MS;40;50;10
UPL1;UPL1.4M_Pu;MS;0;60;60
UPL10;UPL10C1;MS;0;10;10
UPL10;UPL10C10;MS;90;100;10
UPL10;UPL10C2;MS;10;20;10
UPL10;UPL10C3;MS;20;30;10
UPL10;UPL10C4;MS;30;40;10
UPL10;UPL10C5;MS;40;50;10
UPL1;UPL1C8;MS;70;80;10
UPL1;UPL1C9;MS;80;90;10
UPL1;UPL1PC1;MS;0;10;10
UPL1;UPL1PC10;MS;90;100;10
UPL1;UPL1PC2;MS;10;20;10
UPL1;UPL1PC3;MS;20;30;10
UPL1;UPL1PC4;MS;30;40;10
UPL1;UPL1PC5;MS;40;50;10
UPL1;UPL1PC6;MS;50;60;10
UPL1;UPL1PC7;MS;60;70;10
UPL1;UPL1PC8;MS;70;80;10
UPL1;UPL1PC9;MS;80;90;10
UPL2;UPL2.5M_Pu;MS;0;60;60
UPL2;UPL2C3;MS;20;30;10
UPL2;UPL2C4;MS;30;40;10
UPL2;UPL2C5;MS;40;50;10
UPL2;UPL2C6;MS;50;60;10
UPL2;UPL2C7;MS;60;70;10
UPL2;UPL2C8;MS;70;80;10
UPL2;UPL2C9;MS;80;90;10
UPL3;UPL3.10M_Pu;MS;0;60;60
UPL3;UPL3.3.10;MS;90;100;10
UPL3;UPL3.3.5;MS;40;50;10
UPL3;UPL3.3.6;MS;50;60;10
UPL3;UPL3.3.7;MS;60;70;10
UPL3;UPL3.3.8;MS;70;80;10
UPL3;UPL3.3.9;MS;80;90;10
UPL3;UPL3C3;MS;20;30;10
UPL3;UPL3C4(Subplot1&3);MS;30;40;10
UPL3;UPL3C4(Subplot2&4);MS;30;40;10
UPL3;UPL3C5;MS;40;50;10
UPL3;UPL3C6;MS;50;60;10
UPL3;UPL3C7;MS;60;70;10
UPL3;UPL3C8;MS;70;80;10
UPL3;UPL3C9;MS;80;90;10
UPL4;UPL4C5;MS;40;50;10
UPL4;UPL4C6;MS;50;60;10
UPL4;UPL4C7;MS;60;70;10
UPL4;UPL4C8;MS;70;80;10
UPL4;UPL4C9;MS;80;90;10
UPL4;UPL4Comp_M1Pu;MS;0;60;60
UPL5;UPL5C1;MS;0;10;10
UPL5;UPL5C10;MS;90;100;10
UPL5;UPL5C2;MS;10;20;10
UPL5;UPL5C3;MS;20;30;10
UPL5;UPL5C4;MS;30;40;10
UPL5;UPL5C5;MS;40;50;10
UPL5;UPL5C6;MS;50;60;10
UPL5;UPL5C7;MS;60;70;10
UPL5;UPL5C8;MS;70;80;10
UPL5;UPL5C9;MS;80;90;10
UPL5;UPL5Comp_M1Pu;MS;0;60;60
UPL5;UPL5PC10;MS;90;100;10
UPL5;UPL5PC2;MS;10;20;10
UPL5;UPL5PC3;MS;20;30;10
UPL5;UPL5PC4;MS;30;40;10
UPL5;UPL5PC5;MS;40;50;10
UPL5;UPL5PC6;MS;50;60;10
UPL5;UPL5PC7;MS;60;70;10
UPL5;UPL5PC8;MS;70;80;10
UPL5;UPL5PC9;MS;80;90;10
UPL6;UPL6.1.8;MS;70;80;10
UPL6;UPL6.1.9;MS;80;90;10
UPL6;UPL6C1;MS;0;10;10
UPL6;UPL6C10;MS;90;100;10
UPL6;UPL6C4;MS;30;40;10
UPL6;UPL6C5;MS;40;50;10
UPL6;UPL6C6;MS;50;60;10
UPL6;UPL6C7;MS;60;70;10
UPL6;UPL6Comp_M1Pu;MS;0;60;60
UPL7;UPL7C1;MS;0;10;10
UPL7;UPL7C10;MS;90;100;10
UPL7;UPL7C2;MS;10;20;10
UPL7;UPL7C3;MS;20;30;10
UPL7;UPL7C4;MS;30;40;10
UPL7;UPL7C5;MS;40;50;10
UPL7;UPL7C6;MS;50;60;10
UPL7;UPL7C7;MS;60;70;10
UPL7;UPL7C8;MS;70;80;10
UPL7;UPL7C9;MS;80;90;10
UPL7;UPL7Comp_M1Pu;MS;0;60;60
UPL7;UPL7PC1;MS;0;10;10
UPL7;UPL7PC10;MS;90;100;10
UPL7;UPL7PC2;MS;10;20;10
UPL7;UPL7PC3;MS;20;30;10
UPL7;UPL7PC5;MS;40;50;10
UPL7;UPL7PC6;MS;50;60;10
UPL7;UPL7PC7;MS;60;70;10
UPL7;UPL7PC8;MS;70;80;10
UPL7;UPL7PC9;MS;80;90;10
UPL8;UPL8C1;MS;0;10;10
UPL8;UPL8C10;MS;90;100;10
UPL8;UPL8C2;MS;10;20;10
UPL8;UPL8C3;MS;20;30;10
UPL8;UPL8C4;MS;30;40;10
UPL8;UPL8C5;MS;40;50;10
UPL8;UPL8C6;MS;50;60;10
UPL8;UPL8C7;MS;60;70;10
UPL8;UPL8C8;MS;70;80;10
UPL8;UPL8C9;MS;80;90;10
UPL8;UPL8Comp_M1Pu;MS;0;60;60
UPL9;UPL9C1;MS;0;10;10
UPL9;UPL9C10;MS;90;100;10
UPL9;UPL9C2;MS;10;20;10
UPL9;UPL9C3;MS;20;30;10
UPL9;UPL9C4;MS;30;40;10
UPL9;UPL9C5;MS;40;50;10
UPL9;UPL9CompO;OS_O;-3;0;-3
KBPL3;KBPL3CompO;OS_O;-3;0;-3
KBPL11;KBPL11O;OS_O;-5;0;-5
KBPL12;KBPL12O;OS_O;-6;0;-6
KBPL4;KBPL4O;OS_O;-3;0;-3
KBPL1;KBPL1PO;OS_O;-5;0;-5
KBPL10;KBPL10O;OS_O;-6;0;-6
KBPL5;KBPL5O;OS_O;-2;0;-2
KBPL8;KBPL8CO;OS_O;-6;0;-6
KBPL9;KBPL9CO;OS_O;-1;0;-1
KBPL1;KBPL1.1O_Pu;OS_O;-5;0;-5
KBPL1;KBPL1.2O_Pu;OS_O;-5;0;-5
KBPL1;KBPL1.3O_Pu;OS_O;-5;0;-5
KBPL1;KBPL1.4O_Pu;OS_O;-5;0;-5
KBPL10;KBPL10Comp_O_Pu;OS_O;-6;0;-6
KBPL11;KBPL11Comp_O_Pu;OS_O;-5;0;-5
KBPL4;KBPL4Comp_O_Pu;OS_O;-3;0;-3
KBPL5;KBPL5Comp_O_Pu;OS_O;-2;0;-2
KBPL6;KBPL6Comp_O_Pu;OS_O;-3;0;-3
KBPL7;KBPL7Comp_O_Pu;OS_O;-8;0;-8
KBPL8;KBPL8Comp_O_Pu;OS_O;-6;0;-6
KBPL13;KBPL13O;OS_O;-4;0;-4
KBPL12;KBPL12Comp_O_Pu;OS_O;-6;0;-6
KBPL9;KBPL9Comp_O_Pu;OS_O;-1;0;-1
NPL9;NPL_9Comp_O_Pu;OS_O;-8;0;-8
NPL1;NPL1.2O_Pu;OS_O;-7;0;-7
NPL1;NPL1.3O_Pu;OS_O;-7;0;-7
NPL1;NPL1.4O_Pu;OS_O;-7;0;-7
KBPL14;KBPL14O;OS_O;-5;0;-5
KBPL15;KBPL15O;OS_O;-6;0;-6
KBPL16;KBPL16O;OS_O;-6;0;-6
KBPL1;KBPL1CompO;OS_O;-5;0;-5
KBPL1;KBPL1O;OS_O;-5;0;-5
KBPL10;KBPL10PO;OS_O;-6;0;-6
KBPL6;KBPL6O;OS_O;-3;0;-3
KBPL2;KBPL2.5O_Pu;OS_O;-2;0;-2
KBPL2;KBPL2.6O_Pu;OS_O;-2;0;-2
NPL10;NPL10Comp_O_Pu;OS_O;-6;0;-6
KBPL8;KBPL8PO;OS_O;-6;0;-6
KBPL2;KBPL2.7O_Pu;OS_O;-2;0;-2
KBPL3;KBPL3.10O_Pu;OS_O;-3;0;-3
KBPL3;KBPL3.8O_Pu;OS_O;-3;0;-3
NPL1;NPL1.1O_Pu;OS_O;-7;0;-7
NPL11;NPL11O;OS_O;-5;0;-5
NPL11;NPL11PO;OS_O;-5;0;-5
NPL12;NPL12Comp_O_Pu;OS_O;-6;0;-6
NPL1;NPL1PO;OS_O;-7;0;-7
NPL2;NPL2.5O_Pu;OS_O;-11;0;-11
NPL2;NPL2.6O_Pu;OS_O;-11;0;-11
NPL2;NPL2.7O_Pu;OS_O;-11;0;-11
NPL12;NPL12CompO;OS_O;-6;0;-6
NPL2;NPL2CompO;OS_O;-11;0;-11
NPL3;NPL3.10O_Pu;OS_O;-8;0;-8
NPL3;NPL3.8O_Pu;OS_O;-8;0;-8
NPL1;NPL1CompO;OS_O;-7;0;-7
NPL10;NPL10CompO;OS_O;-6;0;-6
NPL11;NPL11Comp_O_Pu;OS_O;-5;0;-5
NPL3;NPL3.9O_Pu;OS_O;-8;0;-8
NPL3;NPL3CompO;OS_O;-8;0;-8
NPL4;NPL4Comp_O_Pu;OS_O;-9;0;-9
NPL4;NPL4CompO;OS_O;-9;0;-9
NPL4;NPL4PO;OS_O;-9;0;-9
NPL5;NPL5Comp_O_Pu;OS_O;-12;0;-12
NPL5;NPL5CompO;OS_O;-12;0;-12
NPL6;NPL6Comp_O_Pu;OS_O;-8;0;-8
NPL6;NPL6CompO;OS_O;-8;0;-8
NPL7;NPL7Comp_O_Pu;OS_O;-8;0;-8
NPL7;NPL7CompO;OS_O;-8;0;-8
NPL7;NPL7PO;OS_O;-8;0;-8
NPL8;NPL8Comp_O_Pu;OS_O;-7;0;-7
NPL8;NPL8CompO;OS_O;-7;0;-7
NPL9;NPL9CompO;OS_O;-8;0;-8
KBPL2;KBPL2CompO;OS_O;-2;0;-2
KBPL4;KBPL4PO;OS_O;-3;0;-3
KBPL3;KBPL3.9O_Pu;OS_O;-3;0;-3
KBPL7;KBPL7O;OS_O;-8;0;-8
UPL2;UPL2.7O_Pu;OS_O;-3;0;-3
UPL3;UPL3CompO;OS_O;-3;0;-3
UPL3;UPL3.9O_Pu;OS_O;-3;0;-3
UPL4;UPL4Comp_O_Pu;OS_O;-3;0;-3
UPL11;UPL11CompO;OS_O;-3;0;-3
UPL12;UPL12CompO;OS_O;-3;0;-3
UPL13;UPL13-3O;OS_O;-3;0;-3
UPL1;UPL1.1O_Pu;OS_O;-3;0;-3
UPL1;UPL1.2O_Pu;OS_O;-3;0;-3
UPL1;UPL1.3O_Pu;OS_O;-3;0;-3
UPL1;UPL1.4O_Pu;OS_O;-3;0;-3
UPL10;UPL10CompO;OS_O;-3;0;-3
UPL11;UPL11PO;OS_O;-3;0;-3
UPL12;UPL12Comp_O_Pu;OS_O;-3;0;-3
UPL11;UPL11Comp_O_Pu;OS_O;-3;0;-3
UPL10;UPL10 Comp_O_Pu;OS_O;-3;0;-3
UPL1;UPL1CompO;OS_O;-3;0;-3
UPL1;UPL1PCompO;OS_O;-3;0;-3
UPL2;UPL2.5O_Pu;OS_O;-3;0;-3
UPL2;UPL2.6O_Pu;OS_O;-3;0;-3
UPL2;UPL2CompO;OS_O;-3;0;-3
UPL3;UPL3.10O_Pu;OS_O;-3;0;-3
UPL3;UPL3.8_O_Pu;OS_O;-3;0;-3
UPL4;UPL4CompO;OS_O;-3;0;-3
UPL5;UPL5Comp_O_Pu;OS_O;-3;0;-3
UPL5;UPL5CompO;OS_O;-3;0;-3
UPL6;UPL6Comp_O_Pu;OS_O;-3;0;-3
UPL6;UPL6CompO;OS_O;-3;0;-3
UPL7;UPL7Comp_O_Pu;OS_O;-3;0;-3
UPL7;UPL7PO;OS_O;-3;0;-3
UPL8;UPL8Comp_O_Pu;OS_O;-3;0;-3
UPL8;UPL8CompO;OS_O;-3;0;-3
UPL9;UPL9Comp_O_Pu;OS_O;-3;0;-3
DRCPL27;rock_DRCPL27;RO;;;
DRC_catchment;rock_ikoma_catchment;RO;;;
U_catchment;rock_kanyawaran_catchment;RO;;;
KBPL1;rock_KBPL1_profile_85cm;RO;85;85;
KBPL13;rock_KBPL13;RO;250;250;
KBPL15;rock_KBPL15_steep_10cm;RO;10;10;
KBPL15;rock_KBPL15_steep_140cm;RO;140;140;
KBPL15;rock_KBPL15_steep_160cm;RO;160;160;
KBPL15;rock_KBPL15_steep_40cm;RO;40;40;
KBPL15;rock_KBPL15_steep_50cm;RO;50;50;
KBPL15;rock_KBPL15_steep_60cm;RO;60;60;
KBPL15;rock_KBPL15_steep_70cm;RO;70;70;
roadcut2;rock_N_roadcut_2;RO;;;
KBPL6;rock_KBPL6;RO;;;
KBPL6;rock_KBPL6_II;RO;;;
roadcut1;rock_N_roadcut_1;RO;;;
NPL4;rock_N_saprolith_profile_100cm;RO;100;100;
roadcut3;rock_N_roadcut_3;RO;;;
NPL7;rock_NPL7_120cm;RO;120;120;
NPL7;rock_NPL7_120cm_weathered;RO;120;120;
NPL7;rock_NPL7_160cm;RO;160;160;
NPL7;rock_NPL7_80cm;RO;80;80;
U_quarry;rock_U_quarry;RO;;;
U_catchment;rock_UF_catchments;RO;;;
UPL5;rock_UPL5_100cm;RO;100;100;
UPL5;rock_UPL5_400cm;RO;400;400;
UPL5;rock_UPL5_50cm;RO;50;50;
UPL5;rock_UPL5_70cm;RO;70;70;
UPL5;rock_UPL5_80cm;RO;80;80;
UPL5;rock_UPL5_90cm;RO;90;90;
NPL5;rock_NPL5_I;RO;;;
NPL5;rock_NPL5_II;RO;;;
UPL5;rock_UPL5_120cm;RO;120;120;
UPL7;rock_UPL7;RO;;;
UPL8;rock_UPL8;RO;;;
roadcut4;rock_N_roadcut_4;RO;;;
UPL9;UPL9CompVeg;VE;;;
KBPL3;KBPL3CompVeg;VE;;;
KBPL11;KBPL11Veg;VE;;;
KBPL12;KBPL12Veg;VE;;;
KBPL1;KBPL1PCompVeg;VE;;;
KBPL5;KBPL5Veg;VE;;;
KBPL8;KBPL8CVeg;VE;;;
KBPL9;KBPL9CPlants;VE;;;
KBPL10;KBPL10PPlants;VE;;;
KBPL6;KBPL6Veg;VE;;;
KBPL10;KBPL10Veg;VE;;;
NPL11;NPL11Veg;VE;;;
NPL1;NPL1PVeg;VE;;;
NPL12;NPL12CompVeg;VE;;;
NPL2;NPL2CompVeg;VE;;;
NPL2;NPL2PVeg;VE;;;
NPL1;NPL1CompVeg;VE;;;
NPL10;NPL10CompVeg;VE;;;
NPL3;NPL3CompVeg;VE;;;
NPL4;NPL4CompVeg;VE;;;
NPL4;NPL4PVeg;VE;;;
NPL5;NPL5CompVeg;VE;;;
NPL6;NPL6CompVeg;VE;;;
NPL7;NPL7CompVeg;VE;;;
NPL7;NPL7PVeg;VE;;;
NPL8;NPL8CompVeg;VE;;;
NPL9;NPL9CompVeg;VE;;;
KBPL2;KBPL2CompVeg;VE;;;
KBPL4;KBPL4Veg;VE;;;
KBPL7;KBPL7Veg;VE;;;
UPL11;UPL11CompVeg;VE;;;
UPL12;UPL12CompVeg;VE;;;
UPL13;UPL13-3Veg;VE;;;
UPL11;UPL11PVeg;VE;;;
UPL10;UPL10CompVeg;VE;;;
UPL1;UPL1CompVeg;VE;;;
UPL1;UPL1PCompVeg;VE;;;
UPL2;UPL2CompVeg;VE;;;
UPL4;UPL4CompVeg;VE;;;
UPL5;UPL5CPLant;VE;;;
UPL6;UPL6CompVeg;VE;;;
UPL7;UPL7PVeg;VE;;;
UPL8;UPL8CompVeg;VE;;;
